0 verbose cli /usr/bin/node /usr/bin/npm
1 info using npm@10.9.3
2 info using node@v22.20.0
3 silly config load:file:/usr/lib/node_modules/npm/npmrc
4 silly config load:file:/workspace/.npmrc
5 silly config load:file:/usr/etc/npmrc
6 verbose title npm install
7 verbose argv "install"
8 verbose logfile logs-max:10 dir:/workspace/.npm/_logs/2025-10-14T16_37_45_361Z-
9 verbose logfile /workspace/.npm/_logs/2025-10-14T16_37_45_361Z-debug-0.log
10 silly logfile done cleaning log files
11 silly packumentCache heap:2197815296 maxSize:549453824 maxEntrySize:274726912
12 silly idealTree buildDeps
13 silly fetch manifest @pulumi/aws@^7.0.0
14 silly packumentCache full:https://registry.npmjs.org/@pulumi%2faws cache-miss
15 http fetch GET 200 https://registry.npmjs.org/npm 115ms
16 http fetch GET 200 https://registry.npmjs.org/@pulumi%2faws 248ms (cache miss)
17 silly packumentCache full:https://registry.npmjs.org/@pulumi%2faws set size:undefined disposed:false
18 silly fetch manifest @pulumi/awsx@^3.0.0
19 silly packumentCache full:https://registry.npmjs.org/@pulumi%2fawsx cache-miss
20 http fetch GET 200 https://registry.npmjs.org/@pulumi%2fawsx 137ms (cache miss)
21 silly packumentCache full:https://registry.npmjs.org/@pulumi%2fawsx set size:undefined disposed:false
22 silly fetch manifest @pulumi/pulumi@^3.113.0
23 silly packumentCache full:https://registry.npmjs.org/@pulumi%2fpulumi cache-miss
24 http fetch GET 200 https://registry.npmjs.org/@pulumi%2fpulumi 381ms (cache miss)
25 silly packumentCache full:https://registry.npmjs.org/@pulumi%2fpulumi set size:undefined disposed:false
26 silly fetch manifest ts-node@>= 7.0.1 < 12
27 silly packumentCache full:https://registry.npmjs.org/ts-node cache-miss
28 http fetch GET 200 https://registry.npmjs.org/ts-node 48ms (cache miss)
29 silly packumentCache full:https://registry.npmjs.org/ts-node set size:undefined disposed:false
30 silly fetch manifest @swc/core@>=1.2.50
31 silly packumentCache full:https://registry.npmjs.org/@swc%2fcore cache-miss
32 http fetch GET 200 https://registry.npmjs.org/@swc%2fcore 108ms (cache miss)
33 silly packumentCache full:https://registry.npmjs.org/@swc%2fcore set size:undefined disposed:false
34 silly fetch manifest @swc/helpers@>=0.5.17
35 silly packumentCache full:https://registry.npmjs.org/@swc%2fhelpers cache-miss
36 http fetch GET 200 https://registry.npmjs.org/@swc%2fhelpers 110ms (cache miss)
37 silly packumentCache full:https://registry.npmjs.org/@swc%2fhelpers set size:undefined disposed:false
38 silly fetch manifest @swc/wasm@>=1.2.50
39 silly packumentCache full:https://registry.npmjs.org/@swc%2fwasm cache-miss
40 http fetch GET 200 https://registry.npmjs.org/@swc%2fwasm 63ms (cache miss)
41 silly packumentCache full:https://registry.npmjs.org/@swc%2fwasm set size:undefined disposed:false
42 silly fetch manifest @types/node@^18
43 silly packumentCache full:https://registry.npmjs.org/@types%2fnode cache-miss
44 http fetch GET 200 https://registry.npmjs.org/@types%2fnode 243ms (cache miss)
45 silly packumentCache full:https://registry.npmjs.org/@types%2fnode set size:undefined disposed:false
46 silly fetch manifest typescript@^5.0.0
47 silly packumentCache full:https://registry.npmjs.org/typescript cache-miss
48 http fetch GET 200 https://registry.npmjs.org/typescript 377ms (cache miss)
49 silly packumentCache full:https://registry.npmjs.org/typescript set size:undefined disposed:false
50 silly placeDep ROOT @pulumi/aws@7.8.0 OK for:  want: ^7.0.0
51 silly placeDep ROOT @pulumi/awsx@3.0.0 OK for:  want: ^3.0.0
52 silly placeDep ROOT @pulumi/pulumi@3.202.0 OK for:  want: ^3.113.0
53 silly placeDep ROOT @types/node@18.19.130 OK for:  want: ^18
54 silly placeDep ROOT typescript@5.9.3 OK for:  want: ^5.0.0
55 silly fetch manifest mime@^2.0.0
56 silly packumentCache full:https://registry.npmjs.org/mime cache-miss
57 http fetch GET 200 https://registry.npmjs.org/mime 45ms (cache miss)
58 silly packumentCache full:https://registry.npmjs.org/mime set size:undefined disposed:false
59 silly fetch manifest @pulumi/pulumi@^3.142.0
60 silly packumentCache full:https://registry.npmjs.org/@pulumi%2fpulumi cache-miss
61 http cache https://registry.npmjs.org/@pulumi%2fpulumi 24ms (cache hit)
62 silly packumentCache full:https://registry.npmjs.org/@pulumi%2fpulumi set size:15084060 disposed:false
63 silly fetch manifest @pulumi/docker@^4.6.0
64 silly packumentCache full:https://registry.npmjs.org/@pulumi%2fdocker cache-miss
65 http fetch GET 200 https://registry.npmjs.org/@pulumi%2fdocker 261ms (cache miss)
66 silly packumentCache full:https://registry.npmjs.org/@pulumi%2fdocker set size:undefined disposed:false
67 silly fetch manifest docker-classic@npm:@pulumi/docker@3.6.1
68 silly packumentCache full:https://registry.npmjs.org/@pulumi%2fdocker cache-miss
69 http cache https://registry.npmjs.org/@pulumi%2fdocker 4ms (cache hit)
70 silly packumentCache full:https://registry.npmjs.org/@pulumi%2fdocker set size:1618351 disposed:false
71 silly fetch manifest @types/aws-lambda@^8.10.23
72 silly packumentCache full:https://registry.npmjs.org/@types%2faws-lambda cache-miss
73 http fetch GET 200 https://registry.npmjs.org/@types%2faws-lambda 138ms (cache miss)
74 silly packumentCache full:https://registry.npmjs.org/@types%2faws-lambda set size:undefined disposed:false
75 silly fetch manifest @aws-sdk/client-ecs@^3.405.0
76 silly packumentCache full:https://registry.npmjs.org/@aws-sdk%2fclient-ecs cache-miss
77 http fetch GET 200 https://registry.npmjs.org/@aws-sdk%2fclient-ecs 140ms (cache miss)
78 silly packumentCache full:https://registry.npmjs.org/@aws-sdk%2fclient-ecs set size:undefined disposed:false
79 silly fetch manifest @pulumi/docker-build@^0.0.8
80 silly packumentCache full:https://registry.npmjs.org/@pulumi%2fdocker-build cache-miss
81 http fetch GET 200 https://registry.npmjs.org/@pulumi%2fdocker-build 92ms (cache miss)
82 silly packumentCache full:https://registry.npmjs.org/@pulumi%2fdocker-build set size:undefined disposed:false
83 silly fetch manifest got@^11.8.6
84 silly packumentCache full:https://registry.npmjs.org/got cache-miss
85 http fetch GET 200 https://registry.npmjs.org/got 45ms (cache miss)
86 silly packumentCache full:https://registry.npmjs.org/got set size:undefined disposed:false
87 silly fetch manifest ini@^2.0.0
88 silly packumentCache full:https://registry.npmjs.org/ini cache-miss
89 http fetch GET 200 https://registry.npmjs.org/ini 60ms (cache miss)
90 silly packumentCache full:https://registry.npmjs.org/ini set size:undefined disposed:false
91 silly fetch manifest tmp@^0.2.4
92 silly packumentCache full:https://registry.npmjs.org/tmp cache-miss
93 http fetch GET 200 https://registry.npmjs.org/tmp 34ms (cache miss)
94 silly packumentCache full:https://registry.npmjs.org/tmp set size:undefined disposed:false
95 silly fetch manifest fdir@^6.1.1
96 silly packumentCache full:https://registry.npmjs.org/fdir cache-miss
97 http fetch GET 200 https://registry.npmjs.org/fdir 45ms (cache miss)
98 silly packumentCache full:https://registry.npmjs.org/fdir set size:undefined disposed:false
99 silly fetch manifest execa@^5.1.0
100 silly packumentCache full:https://registry.npmjs.org/execa cache-miss
101 http fetch GET 200 https://registry.npmjs.org/execa 33ms (cache miss)
102 silly packumentCache full:https://registry.npmjs.org/execa set size:undefined disposed:false
103 silly fetch manifest upath@^1.1.0
104 silly packumentCache full:https://registry.npmjs.org/upath cache-miss
105 http fetch GET 200 https://registry.npmjs.org/upath 33ms (cache miss)
106 silly packumentCache full:https://registry.npmjs.org/upath set size:undefined disposed:false
107 silly fetch manifest semver@^7.5.2
108 silly packumentCache full:https://registry.npmjs.org/semver cache-miss
109 http fetch GET 200 https://registry.npmjs.org/semver 35ms (cache miss)
110 silly packumentCache full:https://registry.npmjs.org/semver set size:undefined disposed:false
111 silly fetch manifest js-yaml@^3.14.0
112 silly packumentCache full:https://registry.npmjs.org/js-yaml cache-miss
113 http fetch GET 200 https://registry.npmjs.org/js-yaml 44ms (cache miss)
114 silly packumentCache full:https://registry.npmjs.org/js-yaml set size:undefined disposed:false
115 silly fetch manifest pkg-dir@^7.0.0
116 silly packumentCache full:https://registry.npmjs.org/pkg-dir cache-miss
117 http fetch GET 200 https://registry.npmjs.org/pkg-dir 32ms (cache miss)
118 silly packumentCache full:https://registry.npmjs.org/pkg-dir set size:undefined disposed:false
119 silly fetch manifest minimist@^1.2.6
120 silly packumentCache full:https://registry.npmjs.org/minimist cache-miss
121 http fetch GET 200 https://registry.npmjs.org/minimist 25ms (cache miss)
122 silly packumentCache full:https://registry.npmjs.org/minimist set size:undefined disposed:false
123 silly fetch manifest picomatch@^3.0.1
124 silly packumentCache full:https://registry.npmjs.org/picomatch cache-miss
125 http fetch GET 200 https://registry.npmjs.org/picomatch 29ms (cache miss)
126 silly packumentCache full:https://registry.npmjs.org/picomatch set size:undefined disposed:false
127 silly fetch manifest @types/tmp@^0.2.6
128 silly packumentCache full:https://registry.npmjs.org/@types%2ftmp cache-miss
129 http fetch GET 200 https://registry.npmjs.org/@types%2ftmp 32ms (cache miss)
130 silly packumentCache full:https://registry.npmjs.org/@types%2ftmp set size:undefined disposed:false
131 silly fetch manifest @grpc/grpc-js@^1.10.1
132 silly packumentCache full:https://registry.npmjs.org/@grpc%2fgrpc-js cache-miss
133 http fetch GET 200 https://registry.npmjs.org/@grpc%2fgrpc-js 50ms (cache miss)
134 silly packumentCache full:https://registry.npmjs.org/@grpc%2fgrpc-js set size:undefined disposed:false
135 silly fetch manifest @types/semver@^7.5.6
136 silly packumentCache full:https://registry.npmjs.org/@types%2fsemver cache-miss
137 http fetch GET 200 https://registry.npmjs.org/@types%2fsemver 38ms (cache miss)
138 silly packumentCache full:https://registry.npmjs.org/@types%2fsemver set size:undefined disposed:false
139 silly fetch manifest google-protobuf@^3.21.4
140 silly packumentCache full:https://registry.npmjs.org/google-protobuf cache-miss
141 http fetch GET 200 https://registry.npmjs.org/google-protobuf 68ms (cache miss)
142 silly packumentCache full:https://registry.npmjs.org/google-protobuf set size:undefined disposed:false
143 silly fetch manifest @npmcli/arborist@^7.3.1
144 silly packumentCache full:https://registry.npmjs.org/@npmcli%2farborist cache-miss
145 http fetch GET 200 https://registry.npmjs.org/@npmcli%2farborist 81ms (cache miss)
146 silly packumentCache full:https://registry.npmjs.org/@npmcli%2farborist set size:undefined disposed:false
147 silly fetch manifest @logdna/tail-file@^2.0.6
148 silly packumentCache full:https://registry.npmjs.org/@logdna%2ftail-file cache-miss
149 http fetch GET 200 https://registry.npmjs.org/@logdna%2ftail-file 52ms (cache miss)
150 silly packumentCache full:https://registry.npmjs.org/@logdna%2ftail-file set size:undefined disposed:false
151 silly fetch manifest @opentelemetry/api@^1.9
152 silly packumentCache full:https://registry.npmjs.org/@opentelemetry%2fapi cache-miss
153 http fetch GET 200 https://registry.npmjs.org/@opentelemetry%2fapi 41ms (cache miss)
154 silly packumentCache full:https://registry.npmjs.org/@opentelemetry%2fapi set size:undefined disposed:false
155 silly fetch manifest source-map-support@^0.5.6
156 silly packumentCache full:https://registry.npmjs.org/source-map-support cache-miss
157 http fetch GET 200 https://registry.npmjs.org/source-map-support 26ms (cache miss)
158 silly packumentCache full:https://registry.npmjs.org/source-map-support set size:undefined disposed:false
159 silly fetch manifest require-from-string@^2.0.1
160 silly packumentCache full:https://registry.npmjs.org/require-from-string cache-miss
161 http fetch GET 200 https://registry.npmjs.org/require-from-string 38ms (cache miss)
162 silly packumentCache full:https://registry.npmjs.org/require-from-string set size:undefined disposed:false
163 silly fetch manifest @types/google-protobuf@^3.15.5
164 silly packumentCache full:https://registry.npmjs.org/@types%2fgoogle-protobuf cache-miss
165 http fetch GET 200 https://registry.npmjs.org/@types%2fgoogle-protobuf 37ms (cache miss)
166 silly packumentCache full:https://registry.npmjs.org/@types%2fgoogle-protobuf set size:undefined disposed:false
167 silly fetch manifest normalize-package-data@^6.0.0
168 silly packumentCache full:https://registry.npmjs.org/normalize-package-data cache-miss
169 http fetch GET 200 https://registry.npmjs.org/normalize-package-data 35ms (cache miss)
170 silly packumentCache full:https://registry.npmjs.org/normalize-package-data set size:undefined disposed:false
171 silly fetch manifest @opentelemetry/resources@^1.28
172 silly packumentCache full:https://registry.npmjs.org/@opentelemetry%2fresources cache-miss
173 http fetch GET 200 https://registry.npmjs.org/@opentelemetry%2fresources 58ms (cache miss)
174 silly packumentCache full:https://registry.npmjs.org/@opentelemetry%2fresources set size:undefined disposed:false
175 silly fetch manifest @opentelemetry/sdk-trace-base@^1.28
176 silly packumentCache full:https://registry.npmjs.org/@opentelemetry%2fsdk-trace-base cache-miss
177 http fetch GET 200 https://registry.npmjs.org/@opentelemetry%2fsdk-trace-base 61ms (cache miss)
178 silly packumentCache full:https://registry.npmjs.org/@opentelemetry%2fsdk-trace-base set size:undefined disposed:false
179 silly fetch manifest @opentelemetry/sdk-trace-node@^1.28
180 silly packumentCache full:https://registry.npmjs.org/@opentelemetry%2fsdk-trace-node cache-miss
181 http fetch GET 200 https://registry.npmjs.org/@opentelemetry%2fsdk-trace-node 42ms (cache miss)
182 silly packumentCache full:https://registry.npmjs.org/@opentelemetry%2fsdk-trace-node set size:undefined disposed:false
183 silly fetch manifest @opentelemetry/exporter-zipkin@^1.28
184 silly packumentCache full:https://registry.npmjs.org/@opentelemetry%2fexporter-zipkin cache-miss
185 http fetch GET 200 https://registry.npmjs.org/@opentelemetry%2fexporter-zipkin 55ms (cache miss)
186 silly packumentCache full:https://registry.npmjs.org/@opentelemetry%2fexporter-zipkin set size:undefined disposed:false
187 silly fetch manifest @opentelemetry/instrumentation@^0.55
188 silly packumentCache full:https://registry.npmjs.org/@opentelemetry%2finstrumentation cache-miss
189 http fetch GET 200 https://registry.npmjs.org/@opentelemetry%2finstrumentation 45ms (cache miss)
190 silly packumentCache full:https://registry.npmjs.org/@opentelemetry%2finstrumentation set size:undefined disposed:false
191 silly fetch manifest @opentelemetry/instrumentation-grpc@^0.55
192 silly packumentCache full:https://registry.npmjs.org/@opentelemetry%2finstrumentation-grpc cache-miss
193 http fetch GET 200 https://registry.npmjs.org/@opentelemetry%2finstrumentation-grpc 142ms (cache miss)
194 silly packumentCache full:https://registry.npmjs.org/@opentelemetry%2finstrumentation-grpc set size:undefined disposed:false
195 silly fetch manifest undici-types@~5.26.4
196 silly packumentCache full:https://registry.npmjs.org/undici-types cache-miss
197 http fetch GET 200 https://registry.npmjs.org/undici-types 30ms (cache miss)
198 silly packumentCache full:https://registry.npmjs.org/undici-types set size:undefined disposed:false
199 silly placeDep ROOT mime@2.6.0 OK for: @pulumi/aws@7.8.0 want: ^2.0.0
200 silly placeDep ROOT @aws-sdk/client-ecs@3.908.0 OK for: @pulumi/awsx@3.0.0 want: ^3.405.0
201 silly placeDep ROOT @pulumi/docker@4.9.0 OK for: @pulumi/awsx@3.0.0 want: ^4.6.0
202 silly placeDep ROOT @pulumi/docker-build@0.0.8 OK for: @pulumi/awsx@3.0.0 want: ^0.0.8
203 silly placeDep ROOT @types/aws-lambda@8.10.155 OK for: @pulumi/awsx@3.0.0 want: ^8.10.23
204 silly placeDep ROOT docker-classic@3.6.1 OK for: @pulumi/awsx@3.0.0 want: npm:@pulumi/docker@3.6.1
205 silly fetch manifest @aws-crypto/sha256-browser@5.2.0
206 silly packumentCache full:https://registry.npmjs.org/@aws-crypto%2fsha256-browser cache-miss
207 http fetch GET 200 https://registry.npmjs.org/@aws-crypto%2fsha256-browser 49ms (cache miss)
208 silly packumentCache full:https://registry.npmjs.org/@aws-crypto%2fsha256-browser set size:undefined disposed:false
209 silly fetch manifest @aws-crypto/sha256-js@5.2.0
210 silly packumentCache full:https://registry.npmjs.org/@aws-crypto%2fsha256-js cache-miss
211 http fetch GET 200 https://registry.npmjs.org/@aws-crypto%2fsha256-js 40ms (cache miss)
212 silly packumentCache full:https://registry.npmjs.org/@aws-crypto%2fsha256-js set size:undefined disposed:false
213 silly fetch manifest @aws-sdk/core@3.908.0
214 silly packumentCache full:https://registry.npmjs.org/@aws-sdk%2fcore cache-miss
215 http fetch GET 200 https://registry.npmjs.org/@aws-sdk%2fcore 60ms (cache miss)
216 silly packumentCache full:https://registry.npmjs.org/@aws-sdk%2fcore set size:undefined disposed:false
217 silly fetch manifest @aws-sdk/credential-provider-node@3.908.0
218 silly packumentCache full:https://registry.npmjs.org/@aws-sdk%2fcredential-provider-node cache-miss
219 http fetch GET 200 https://registry.npmjs.org/@aws-sdk%2fcredential-provider-node 75ms (cache miss)
220 silly packumentCache full:https://registry.npmjs.org/@aws-sdk%2fcredential-provider-node set size:undefined disposed:false
221 silly fetch manifest @aws-sdk/middleware-host-header@3.901.0
222 silly packumentCache full:https://registry.npmjs.org/@aws-sdk%2fmiddleware-host-header cache-miss
223 http fetch GET 200 https://registry.npmjs.org/@aws-sdk%2fmiddleware-host-header 58ms (cache miss)
224 silly packumentCache full:https://registry.npmjs.org/@aws-sdk%2fmiddleware-host-header set size:undefined disposed:false
225 silly fetch manifest @aws-sdk/middleware-logger@3.901.0
226 silly packumentCache full:https://registry.npmjs.org/@aws-sdk%2fmiddleware-logger cache-miss
227 http fetch GET 200 https://registry.npmjs.org/@aws-sdk%2fmiddleware-logger 70ms (cache miss)
228 silly packumentCache full:https://registry.npmjs.org/@aws-sdk%2fmiddleware-logger set size:undefined disposed:false
229 silly fetch manifest @aws-sdk/middleware-recursion-detection@3.901.0
230 silly packumentCache full:https://registry.npmjs.org/@aws-sdk%2fmiddleware-recursion-detection cache-miss
231 http fetch GET 200 https://registry.npmjs.org/@aws-sdk%2fmiddleware-recursion-detection 48ms (cache miss)
232 silly packumentCache full:https://registry.npmjs.org/@aws-sdk%2fmiddleware-recursion-detection set size:undefined disposed:false
233 silly fetch manifest @aws-sdk/middleware-user-agent@3.908.0
234 silly packumentCache full:https://registry.npmjs.org/@aws-sdk%2fmiddleware-user-agent cache-miss
235 http fetch GET 200 https://registry.npmjs.org/@aws-sdk%2fmiddleware-user-agent 76ms (cache miss)
236 silly packumentCache full:https://registry.npmjs.org/@aws-sdk%2fmiddleware-user-agent set size:undefined disposed:false
237 silly fetch manifest @aws-sdk/region-config-resolver@3.901.0
238 silly packumentCache full:https://registry.npmjs.org/@aws-sdk%2fregion-config-resolver cache-miss
239 http fetch GET 200 https://registry.npmjs.org/@aws-sdk%2fregion-config-resolver 53ms (cache miss)
240 silly packumentCache full:https://registry.npmjs.org/@aws-sdk%2fregion-config-resolver set size:undefined disposed:false
241 silly fetch manifest @aws-sdk/types@3.901.0
242 silly packumentCache full:https://registry.npmjs.org/@aws-sdk%2ftypes cache-miss
243 http fetch GET 200 https://registry.npmjs.org/@aws-sdk%2ftypes 53ms (cache miss)
244 silly packumentCache full:https://registry.npmjs.org/@aws-sdk%2ftypes set size:undefined disposed:false
245 silly fetch manifest @aws-sdk/util-endpoints@3.901.0
246 silly packumentCache full:https://registry.npmjs.org/@aws-sdk%2futil-endpoints cache-miss
247 http fetch GET 200 https://registry.npmjs.org/@aws-sdk%2futil-endpoints 56ms (cache miss)
248 silly packumentCache full:https://registry.npmjs.org/@aws-sdk%2futil-endpoints set size:undefined disposed:false
249 silly fetch manifest @aws-sdk/util-user-agent-browser@3.907.0
250 silly packumentCache full:https://registry.npmjs.org/@aws-sdk%2futil-user-agent-browser cache-miss
251 http fetch GET 200 https://registry.npmjs.org/@aws-sdk%2futil-user-agent-browser 57ms (cache miss)
252 silly packumentCache full:https://registry.npmjs.org/@aws-sdk%2futil-user-agent-browser set size:undefined disposed:false
253 silly fetch manifest @aws-sdk/util-user-agent-node@3.908.0
254 silly packumentCache full:https://registry.npmjs.org/@aws-sdk%2futil-user-agent-node cache-miss
255 http fetch GET 200 https://registry.npmjs.org/@aws-sdk%2futil-user-agent-node 48ms (cache miss)
256 silly packumentCache full:https://registry.npmjs.org/@aws-sdk%2futil-user-agent-node set size:undefined disposed:false
257 silly fetch manifest @smithy/config-resolver@^4.3.0
258 silly packumentCache full:https://registry.npmjs.org/@smithy%2fconfig-resolver cache-miss
259 http fetch GET 200 https://registry.npmjs.org/@smithy%2fconfig-resolver 42ms (cache miss)
260 silly packumentCache full:https://registry.npmjs.org/@smithy%2fconfig-resolver set size:undefined disposed:false
261 silly fetch manifest @smithy/core@^3.15.0
262 silly packumentCache full:https://registry.npmjs.org/@smithy%2fcore cache-miss
263 http fetch GET 200 https://registry.npmjs.org/@smithy%2fcore 38ms (cache miss)
264 silly packumentCache full:https://registry.npmjs.org/@smithy%2fcore set size:undefined disposed:false
265 silly fetch manifest @smithy/fetch-http-handler@^5.3.1
266 silly packumentCache full:https://registry.npmjs.org/@smithy%2ffetch-http-handler cache-miss
267 http fetch GET 200 https://registry.npmjs.org/@smithy%2ffetch-http-handler 56ms (cache miss)
268 silly packumentCache full:https://registry.npmjs.org/@smithy%2ffetch-http-handler set size:undefined disposed:false
269 silly fetch manifest @smithy/hash-node@^4.2.0
270 silly packumentCache full:https://registry.npmjs.org/@smithy%2fhash-node cache-miss
271 http fetch GET 200 https://registry.npmjs.org/@smithy%2fhash-node 70ms (cache miss)
272 silly packumentCache full:https://registry.npmjs.org/@smithy%2fhash-node set size:undefined disposed:false
273 silly fetch manifest @smithy/invalid-dependency@^4.2.0
274 silly packumentCache full:https://registry.npmjs.org/@smithy%2finvalid-dependency cache-miss
275 http fetch GET 200 https://registry.npmjs.org/@smithy%2finvalid-dependency 41ms (cache miss)
276 silly packumentCache full:https://registry.npmjs.org/@smithy%2finvalid-dependency set size:undefined disposed:false
277 silly fetch manifest @smithy/middleware-content-length@^4.2.0
278 silly packumentCache full:https://registry.npmjs.org/@smithy%2fmiddleware-content-length cache-miss
279 http fetch GET 200 https://registry.npmjs.org/@smithy%2fmiddleware-content-length 110ms (cache miss)
280 silly packumentCache full:https://registry.npmjs.org/@smithy%2fmiddleware-content-length set size:undefined disposed:false
281 silly fetch manifest @smithy/middleware-endpoint@^4.3.1
282 silly packumentCache full:https://registry.npmjs.org/@smithy%2fmiddleware-endpoint cache-miss
283 http fetch GET 200 https://registry.npmjs.org/@smithy%2fmiddleware-endpoint 37ms (cache miss)
284 silly packumentCache full:https://registry.npmjs.org/@smithy%2fmiddleware-endpoint set size:undefined disposed:false
285 silly fetch manifest @smithy/middleware-retry@^4.4.1
286 silly packumentCache full:https://registry.npmjs.org/@smithy%2fmiddleware-retry cache-miss
287 http fetch GET 200 https://registry.npmjs.org/@smithy%2fmiddleware-retry 44ms (cache miss)
288 silly packumentCache full:https://registry.npmjs.org/@smithy%2fmiddleware-retry set size:undefined disposed:false
289 silly fetch manifest @smithy/middleware-serde@^4.2.0
290 silly packumentCache full:https://registry.npmjs.org/@smithy%2fmiddleware-serde cache-miss
291 http fetch GET 200 https://registry.npmjs.org/@smithy%2fmiddleware-serde 47ms (cache miss)
292 silly packumentCache full:https://registry.npmjs.org/@smithy%2fmiddleware-serde set size:undefined disposed:false
293 silly fetch manifest @smithy/middleware-stack@^4.2.0
294 silly packumentCache full:https://registry.npmjs.org/@smithy%2fmiddleware-stack cache-miss
295 http fetch GET 200 https://registry.npmjs.org/@smithy%2fmiddleware-stack 64ms (cache miss)
296 silly packumentCache full:https://registry.npmjs.org/@smithy%2fmiddleware-stack set size:undefined disposed:false
297 silly fetch manifest @smithy/node-config-provider@^4.3.0
298 silly packumentCache full:https://registry.npmjs.org/@smithy%2fnode-config-provider cache-miss
299 http fetch GET 200 https://registry.npmjs.org/@smithy%2fnode-config-provider 50ms (cache miss)
300 silly packumentCache full:https://registry.npmjs.org/@smithy%2fnode-config-provider set size:undefined disposed:false
301 silly fetch manifest @smithy/node-http-handler@^4.3.0
302 silly packumentCache full:https://registry.npmjs.org/@smithy%2fnode-http-handler cache-miss
303 http fetch GET 200 https://registry.npmjs.org/@smithy%2fnode-http-handler 42ms (cache miss)
304 silly packumentCache full:https://registry.npmjs.org/@smithy%2fnode-http-handler set size:undefined disposed:false
305 silly fetch manifest @smithy/protocol-http@^5.3.0
306 silly packumentCache full:https://registry.npmjs.org/@smithy%2fprotocol-http cache-miss
307 http fetch GET 200 https://registry.npmjs.org/@smithy%2fprotocol-http 58ms (cache miss)
308 silly packumentCache full:https://registry.npmjs.org/@smithy%2fprotocol-http set size:undefined disposed:false
309 silly fetch manifest @smithy/smithy-client@^4.7.1
310 silly packumentCache full:https://registry.npmjs.org/@smithy%2fsmithy-client cache-miss
311 http fetch GET 200 https://registry.npmjs.org/@smithy%2fsmithy-client 48ms (cache miss)
312 silly packumentCache full:https://registry.npmjs.org/@smithy%2fsmithy-client set size:undefined disposed:false
313 silly fetch manifest @smithy/types@^4.6.0
314 silly packumentCache full:https://registry.npmjs.org/@smithy%2ftypes cache-miss
315 http fetch GET 200 https://registry.npmjs.org/@smithy%2ftypes 79ms (cache miss)
316 silly packumentCache full:https://registry.npmjs.org/@smithy%2ftypes set size:undefined disposed:false
317 silly fetch manifest @smithy/url-parser@^4.2.0
318 silly packumentCache full:https://registry.npmjs.org/@smithy%2furl-parser cache-miss
319 http fetch GET 200 https://registry.npmjs.org/@smithy%2furl-parser 41ms (cache miss)
320 silly packumentCache full:https://registry.npmjs.org/@smithy%2furl-parser set size:undefined disposed:false
321 silly fetch manifest @smithy/util-base64@^4.3.0
322 silly packumentCache full:https://registry.npmjs.org/@smithy%2futil-base64 cache-miss
323 http fetch GET 200 https://registry.npmjs.org/@smithy%2futil-base64 44ms (cache miss)
324 silly packumentCache full:https://registry.npmjs.org/@smithy%2futil-base64 set size:undefined disposed:false
325 silly fetch manifest @smithy/util-body-length-browser@^4.2.0
326 silly packumentCache full:https://registry.npmjs.org/@smithy%2futil-body-length-browser cache-miss
327 http fetch GET 200 https://registry.npmjs.org/@smithy%2futil-body-length-browser 52ms (cache miss)
328 silly packumentCache full:https://registry.npmjs.org/@smithy%2futil-body-length-browser set size:undefined disposed:false
329 silly fetch manifest @smithy/util-body-length-node@^4.2.1
330 silly packumentCache full:https://registry.npmjs.org/@smithy%2futil-body-length-node cache-miss
331 http fetch GET 200 https://registry.npmjs.org/@smithy%2futil-body-length-node 49ms (cache miss)
332 silly packumentCache full:https://registry.npmjs.org/@smithy%2futil-body-length-node set size:undefined disposed:false
333 silly fetch manifest @smithy/util-defaults-mode-browser@^4.3.0
334 silly packumentCache full:https://registry.npmjs.org/@smithy%2futil-defaults-mode-browser cache-miss
335 http fetch GET 200 https://registry.npmjs.org/@smithy%2futil-defaults-mode-browser 45ms (cache miss)
336 silly packumentCache full:https://registry.npmjs.org/@smithy%2futil-defaults-mode-browser set size:undefined disposed:false
337 silly fetch manifest @smithy/util-defaults-mode-node@^4.2.1
338 silly packumentCache full:https://registry.npmjs.org/@smithy%2futil-defaults-mode-node cache-miss
339 http fetch GET 200 https://registry.npmjs.org/@smithy%2futil-defaults-mode-node 46ms (cache miss)
340 silly packumentCache full:https://registry.npmjs.org/@smithy%2futil-defaults-mode-node set size:undefined disposed:false
341 silly fetch manifest @smithy/util-endpoints@^3.2.0
342 silly packumentCache full:https://registry.npmjs.org/@smithy%2futil-endpoints cache-miss
343 http fetch GET 200 https://registry.npmjs.org/@smithy%2futil-endpoints 72ms (cache miss)
344 silly packumentCache full:https://registry.npmjs.org/@smithy%2futil-endpoints set size:undefined disposed:false
345 silly fetch manifest @smithy/util-middleware@^4.2.0
346 silly packumentCache full:https://registry.npmjs.org/@smithy%2futil-middleware cache-miss
347 http fetch GET 200 https://registry.npmjs.org/@smithy%2futil-middleware 45ms (cache miss)
348 silly packumentCache full:https://registry.npmjs.org/@smithy%2futil-middleware set size:undefined disposed:false
349 silly fetch manifest @smithy/util-retry@^4.2.0
350 silly packumentCache full:https://registry.npmjs.org/@smithy%2futil-retry cache-miss
351 http fetch GET 200 https://registry.npmjs.org/@smithy%2futil-retry 43ms (cache miss)
352 silly packumentCache full:https://registry.npmjs.org/@smithy%2futil-retry set size:undefined disposed:false
353 silly fetch manifest @smithy/util-utf8@^4.2.0
354 silly packumentCache full:https://registry.npmjs.org/@smithy%2futil-utf8 cache-miss
355 http fetch GET 200 https://registry.npmjs.org/@smithy%2futil-utf8 52ms (cache miss)
356 silly packumentCache full:https://registry.npmjs.org/@smithy%2futil-utf8 set size:undefined disposed:false
357 silly fetch manifest @smithy/util-waiter@^4.2.0
358 silly packumentCache full:https://registry.npmjs.org/@smithy%2futil-waiter cache-miss
359 http fetch GET 200 https://registry.npmjs.org/@smithy%2futil-waiter 36ms (cache miss)
360 silly packumentCache full:https://registry.npmjs.org/@smithy%2futil-waiter set size:undefined disposed:false
361 silly fetch manifest @smithy/uuid@^1.1.0
362 silly packumentCache full:https://registry.npmjs.org/@smithy%2fuuid cache-miss
363 http fetch GET 200 https://registry.npmjs.org/@smithy%2fuuid 56ms (cache miss)
364 silly packumentCache full:https://registry.npmjs.org/@smithy%2fuuid set size:undefined disposed:false
365 silly fetch manifest tslib@^2.6.2
366 silly packumentCache full:https://registry.npmjs.org/tslib cache-miss
367 http fetch GET 200 https://registry.npmjs.org/tslib 28ms (cache miss)
368 silly packumentCache full:https://registry.npmjs.org/tslib set size:undefined disposed:false
369 silly fetch manifest semver@^5.4.0
370 silly packumentCache full:https://registry.npmjs.org/semver cache-miss
371 http cache https://registry.npmjs.org/semver 2ms (cache hit)
372 silly packumentCache full:https://registry.npmjs.org/semver set size:226907 disposed:false
373 silly fetch manifest aws-crt@>=1.0.0
374 silly packumentCache full:https://registry.npmjs.org/aws-crt cache-miss
375 http fetch GET 200 https://registry.npmjs.org/aws-crt 33ms (cache miss)
376 silly packumentCache full:https://registry.npmjs.org/aws-crt set size:undefined disposed:false
377 silly placeDep ROOT @aws-crypto/sha256-browser@5.2.0 OK for: @aws-sdk/client-ecs@3.908.0 want: 5.2.0
378 silly placeDep ROOT @aws-crypto/sha256-js@5.2.0 OK for: @aws-sdk/client-ecs@3.908.0 want: 5.2.0
379 silly placeDep ROOT @aws-sdk/core@3.908.0 OK for: @aws-sdk/client-ecs@3.908.0 want: 3.908.0
380 silly placeDep ROOT @aws-sdk/credential-provider-node@3.908.0 OK for: @aws-sdk/client-ecs@3.908.0 want: 3.908.0
381 silly placeDep ROOT @aws-sdk/middleware-host-header@3.901.0 OK for: @aws-sdk/client-ecs@3.908.0 want: 3.901.0
382 silly placeDep ROOT @aws-sdk/middleware-logger@3.901.0 OK for: @aws-sdk/client-ecs@3.908.0 want: 3.901.0
383 silly placeDep ROOT @aws-sdk/middleware-recursion-detection@3.901.0 OK for: @aws-sdk/client-ecs@3.908.0 want: 3.901.0
384 silly placeDep ROOT @aws-sdk/middleware-user-agent@3.908.0 OK for: @aws-sdk/client-ecs@3.908.0 want: 3.908.0
385 silly placeDep ROOT @aws-sdk/region-config-resolver@3.901.0 OK for: @aws-sdk/client-ecs@3.908.0 want: 3.901.0
386 silly placeDep ROOT @aws-sdk/types@3.901.0 OK for: @aws-sdk/client-ecs@3.908.0 want: 3.901.0
387 silly placeDep ROOT @aws-sdk/util-endpoints@3.901.0 OK for: @aws-sdk/client-ecs@3.908.0 want: 3.901.0
388 silly placeDep ROOT @aws-sdk/util-user-agent-browser@3.907.0 OK for: @aws-sdk/client-ecs@3.908.0 want: 3.907.0
389 silly placeDep ROOT @aws-sdk/util-user-agent-node@3.908.0 OK for: @aws-sdk/client-ecs@3.908.0 want: 3.908.0
390 silly placeDep ROOT @smithy/config-resolver@4.3.2 OK for: @aws-sdk/client-ecs@3.908.0 want: ^4.3.0
391 silly placeDep ROOT @smithy/core@3.16.1 OK for: @aws-sdk/client-ecs@3.908.0 want: ^3.15.0
392 silly placeDep ROOT @smithy/fetch-http-handler@5.3.3 OK for: @aws-sdk/client-ecs@3.908.0 want: ^5.3.1
393 silly placeDep ROOT @smithy/hash-node@4.2.2 OK for: @aws-sdk/client-ecs@3.908.0 want: ^4.2.0
394 silly placeDep ROOT @smithy/invalid-dependency@4.2.2 OK for: @aws-sdk/client-ecs@3.908.0 want: ^4.2.0
395 silly placeDep ROOT @smithy/middleware-content-length@4.2.2 OK for: @aws-sdk/client-ecs@3.908.0 want: ^4.2.0
396 silly placeDep ROOT @smithy/middleware-endpoint@4.3.3 OK for: @aws-sdk/client-ecs@3.908.0 want: ^4.3.1
397 silly placeDep ROOT @smithy/middleware-retry@4.4.3 OK for: @aws-sdk/client-ecs@3.908.0 want: ^4.4.1
398 silly placeDep ROOT @smithy/middleware-serde@4.2.2 OK for: @aws-sdk/client-ecs@3.908.0 want: ^4.2.0
399 silly placeDep ROOT @smithy/middleware-stack@4.2.2 OK for: @aws-sdk/client-ecs@3.908.0 want: ^4.2.0
400 silly placeDep ROOT @smithy/node-config-provider@4.3.2 OK for: @aws-sdk/client-ecs@3.908.0 want: ^4.3.0
401 silly placeDep ROOT @smithy/node-http-handler@4.4.1 OK for: @aws-sdk/client-ecs@3.908.0 want: ^4.3.0
402 silly placeDep ROOT @smithy/protocol-http@5.3.2 OK for: @aws-sdk/client-ecs@3.908.0 want: ^5.3.0
403 silly placeDep ROOT @smithy/smithy-client@4.8.1 OK for: @aws-sdk/client-ecs@3.908.0 want: ^4.7.1
404 silly placeDep ROOT @smithy/types@4.7.1 OK for: @aws-sdk/client-ecs@3.908.0 want: ^4.6.0
405 silly placeDep ROOT @smithy/url-parser@4.2.2 OK for: @aws-sdk/client-ecs@3.908.0 want: ^4.2.0
406 silly placeDep ROOT @smithy/util-base64@4.3.0 OK for: @aws-sdk/client-ecs@3.908.0 want: ^4.3.0
407 silly placeDep ROOT @smithy/util-body-length-browser@4.2.0 OK for: @aws-sdk/client-ecs@3.908.0 want: ^4.2.0
408 silly placeDep ROOT @smithy/util-body-length-node@4.2.1 OK for: @aws-sdk/client-ecs@3.908.0 want: ^4.2.1
409 silly placeDep ROOT @smithy/util-defaults-mode-browser@4.3.2 OK for: @aws-sdk/client-ecs@3.908.0 want: ^4.3.0
410 silly placeDep ROOT @smithy/util-defaults-mode-node@4.2.3 OK for: @aws-sdk/client-ecs@3.908.0 want: ^4.2.1
411 silly placeDep ROOT @smithy/util-endpoints@3.2.2 OK for: @aws-sdk/client-ecs@3.908.0 want: ^3.2.0
412 silly placeDep ROOT @smithy/util-middleware@4.2.2 OK for: @aws-sdk/client-ecs@3.908.0 want: ^4.2.0
413 silly placeDep ROOT @smithy/util-retry@4.2.2 OK for: @aws-sdk/client-ecs@3.908.0 want: ^4.2.0
414 silly placeDep ROOT @smithy/util-utf8@4.2.0 OK for: @aws-sdk/client-ecs@3.908.0 want: ^4.2.0
415 silly placeDep ROOT @smithy/util-waiter@4.2.2 OK for: @aws-sdk/client-ecs@3.908.0 want: ^4.2.0
416 silly placeDep ROOT @smithy/uuid@1.1.0 OK for: @aws-sdk/client-ecs@3.908.0 want: ^1.1.0
417 silly placeDep ROOT tslib@2.8.1 OK for: @aws-sdk/client-ecs@3.908.0 want: ^2.6.2
418 silly fetch manifest @aws-sdk/types@^3.222.0
419 silly packumentCache full:https://registry.npmjs.org/@aws-sdk%2ftypes cache-miss
420 http cache https://registry.npmjs.org/@aws-sdk%2ftypes 3ms (cache hit)
421 silly packumentCache full:https://registry.npmjs.org/@aws-sdk%2ftypes set size:464745 disposed:false
422 silly fetch manifest @aws-crypto/util@^5.2.0
423 silly packumentCache full:https://registry.npmjs.org/@aws-crypto%2futil cache-miss
424 http fetch GET 200 https://registry.npmjs.org/@aws-crypto%2futil 41ms (cache miss)
425 silly packumentCache full:https://registry.npmjs.org/@aws-crypto%2futil set size:undefined disposed:false
426 silly fetch manifest @smithy/util-utf8@^2.0.0
427 silly packumentCache full:https://registry.npmjs.org/@smithy%2futil-utf8 cache-miss
428 http cache https://registry.npmjs.org/@smithy%2futil-utf8 2ms (cache hit)
429 silly packumentCache full:https://registry.npmjs.org/@smithy%2futil-utf8 set size:44673 disposed:false
430 silly fetch manifest @aws-crypto/sha256-js@^5.2.0
431 silly packumentCache full:https://registry.npmjs.org/@aws-crypto%2fsha256-js cache-miss
432 http cache https://registry.npmjs.org/@aws-crypto%2fsha256-js 2ms (cache hit)
433 silly packumentCache full:https://registry.npmjs.org/@aws-crypto%2fsha256-js set size:54628 disposed:false
434 silly fetch manifest @aws-sdk/util-locate-window@^3.0.0
435 silly packumentCache full:https://registry.npmjs.org/@aws-sdk%2futil-locate-window cache-miss
436 http fetch GET 200 https://registry.npmjs.org/@aws-sdk%2futil-locate-window 44ms (cache miss)
437 silly packumentCache full:https://registry.npmjs.org/@aws-sdk%2futil-locate-window set size:undefined disposed:false
438 silly fetch manifest @aws-crypto/supports-web-crypto@^5.2.0
439 silly packumentCache full:https://registry.npmjs.org/@aws-crypto%2fsupports-web-crypto cache-miss
440 http fetch GET 200 https://registry.npmjs.org/@aws-crypto%2fsupports-web-crypto 42ms (cache miss)
441 silly packumentCache full:https://registry.npmjs.org/@aws-crypto%2fsupports-web-crypto set size:undefined disposed:false
442 silly fetch manifest @aws-sdk/xml-builder@3.901.0
443 silly packumentCache full:https://registry.npmjs.org/@aws-sdk%2fxml-builder cache-miss
444 http fetch GET 200 https://registry.npmjs.org/@aws-sdk%2fxml-builder 38ms (cache miss)
445 silly packumentCache full:https://registry.npmjs.org/@aws-sdk%2fxml-builder set size:undefined disposed:false
446 silly fetch manifest @smithy/property-provider@^4.2.0
447 silly packumentCache full:https://registry.npmjs.org/@smithy%2fproperty-provider cache-miss
448 http fetch GET 200 https://registry.npmjs.org/@smithy%2fproperty-provider 48ms (cache miss)
449 silly packumentCache full:https://registry.npmjs.org/@smithy%2fproperty-provider set size:undefined disposed:false
450 silly fetch manifest @smithy/signature-v4@^5.3.0
451 silly packumentCache full:https://registry.npmjs.org/@smithy%2fsignature-v4 cache-miss
452 http fetch GET 200 https://registry.npmjs.org/@smithy%2fsignature-v4 39ms (cache miss)
453 silly packumentCache full:https://registry.npmjs.org/@smithy%2fsignature-v4 set size:undefined disposed:false
454 silly fetch manifest @aws-sdk/credential-provider-env@3.908.0
455 silly packumentCache full:https://registry.npmjs.org/@aws-sdk%2fcredential-provider-env cache-miss
456 http fetch GET 200 https://registry.npmjs.org/@aws-sdk%2fcredential-provider-env 41ms (cache miss)
457 silly packumentCache full:https://registry.npmjs.org/@aws-sdk%2fcredential-provider-env set size:undefined disposed:false
458 silly fetch manifest @aws-sdk/credential-provider-http@3.908.0
459 silly packumentCache full:https://registry.npmjs.org/@aws-sdk%2fcredential-provider-http cache-miss
460 http fetch GET 200 https://registry.npmjs.org/@aws-sdk%2fcredential-provider-http 44ms (cache miss)
461 silly packumentCache full:https://registry.npmjs.org/@aws-sdk%2fcredential-provider-http set size:undefined disposed:false
462 silly fetch manifest @aws-sdk/credential-provider-ini@3.908.0
463 silly packumentCache full:https://registry.npmjs.org/@aws-sdk%2fcredential-provider-ini cache-miss
464 http fetch GET 200 https://registry.npmjs.org/@aws-sdk%2fcredential-provider-ini 76ms (cache miss)
465 silly packumentCache full:https://registry.npmjs.org/@aws-sdk%2fcredential-provider-ini set size:undefined disposed:false
466 silly fetch manifest @aws-sdk/credential-provider-process@3.908.0
467 silly packumentCache full:https://registry.npmjs.org/@aws-sdk%2fcredential-provider-process cache-miss
468 http fetch GET 200 https://registry.npmjs.org/@aws-sdk%2fcredential-provider-process 86ms (cache miss)
469 silly packumentCache full:https://registry.npmjs.org/@aws-sdk%2fcredential-provider-process set size:undefined disposed:false
470 silly fetch manifest @aws-sdk/credential-provider-sso@3.908.0
471 silly packumentCache full:https://registry.npmjs.org/@aws-sdk%2fcredential-provider-sso cache-miss
472 http fetch GET 200 https://registry.npmjs.org/@aws-sdk%2fcredential-provider-sso 52ms (cache miss)
473 silly packumentCache full:https://registry.npmjs.org/@aws-sdk%2fcredential-provider-sso set size:undefined disposed:false
474 silly fetch manifest @aws-sdk/credential-provider-web-identity@3.908.0
475 silly packumentCache full:https://registry.npmjs.org/@aws-sdk%2fcredential-provider-web-identity cache-miss
476 http fetch GET 200 https://registry.npmjs.org/@aws-sdk%2fcredential-provider-web-identity 60ms (cache miss)
477 silly packumentCache full:https://registry.npmjs.org/@aws-sdk%2fcredential-provider-web-identity set size:undefined disposed:false
478 silly fetch manifest @smithy/credential-provider-imds@^4.2.0
479 silly packumentCache full:https://registry.npmjs.org/@smithy%2fcredential-provider-imds cache-miss
480 http fetch GET 200 https://registry.npmjs.org/@smithy%2fcredential-provider-imds 36ms (cache miss)
481 silly packumentCache full:https://registry.npmjs.org/@smithy%2fcredential-provider-imds set size:undefined disposed:false
482 silly fetch manifest @smithy/shared-ini-file-loader@^4.3.0
483 silly packumentCache full:https://registry.npmjs.org/@smithy%2fshared-ini-file-loader cache-miss
484 http fetch GET 200 https://registry.npmjs.org/@smithy%2fshared-ini-file-loader 59ms (cache miss)
485 silly packumentCache full:https://registry.npmjs.org/@smithy%2fshared-ini-file-loader set size:undefined disposed:false
486 silly fetch manifest @aws/lambda-invoke-store@^0.0.1
487 silly packumentCache full:https://registry.npmjs.org/@aws%2flambda-invoke-store cache-miss
488 http fetch GET 200 https://registry.npmjs.org/@aws%2flambda-invoke-store 38ms (cache miss)
489 silly packumentCache full:https://registry.npmjs.org/@aws%2flambda-invoke-store set size:undefined disposed:false
490 silly fetch manifest @smithy/util-config-provider@^4.2.0
491 silly packumentCache full:https://registry.npmjs.org/@smithy%2futil-config-provider cache-miss
492 http fetch GET 200 https://registry.npmjs.org/@smithy%2futil-config-provider 49ms (cache miss)
493 silly packumentCache full:https://registry.npmjs.org/@smithy%2futil-config-provider set size:undefined disposed:false
494 silly fetch manifest bowser@^2.11.0
495 silly packumentCache full:https://registry.npmjs.org/bowser cache-miss
496 http fetch GET 200 https://registry.npmjs.org/bowser 25ms (cache miss)
497 silly packumentCache full:https://registry.npmjs.org/bowser set size:undefined disposed:false
498 silly fetch manifest @smithy/node-config-provider@^4.3.2
499 silly packumentCache full:https://registry.npmjs.org/@smithy%2fnode-config-provider cache-miss
500 http cache https://registry.npmjs.org/@smithy%2fnode-config-provider 20ms (cache hit)
501 silly packumentCache full:https://registry.npmjs.org/@smithy%2fnode-config-provider set size:194317 disposed:false
502 silly fetch manifest @smithy/types@^4.7.1
503 silly packumentCache full:https://registry.npmjs.org/@smithy%2ftypes cache-miss
504 http cache https://registry.npmjs.org/@smithy%2ftypes 1ms (cache hit)
505 silly packumentCache full:https://registry.npmjs.org/@smithy%2ftypes set size:155102 disposed:false
506 silly fetch manifest @smithy/util-middleware@^4.2.2
507 silly packumentCache full:https://registry.npmjs.org/@smithy%2futil-middleware cache-miss
508 http cache https://registry.npmjs.org/@smithy%2futil-middleware 2ms (cache hit)
509 silly packumentCache full:https://registry.npmjs.org/@smithy%2futil-middleware set size:123814 disposed:false
510 silly fetch manifest @smithy/middleware-serde@^4.2.2
511 silly packumentCache full:https://registry.npmjs.org/@smithy%2fmiddleware-serde cache-miss
512 http cache https://registry.npmjs.org/@smithy%2fmiddleware-serde 2ms (cache hit)
513 silly packumentCache full:https://registry.npmjs.org/@smithy%2fmiddleware-serde set size:175828 disposed:false
514 silly fetch manifest @smithy/protocol-http@^5.3.2
515 silly packumentCache full:https://registry.npmjs.org/@smithy%2fprotocol-http cache-miss
516 http cache https://registry.npmjs.org/@smithy%2fprotocol-http 1ms (cache hit)
517 silly packumentCache full:https://registry.npmjs.org/@smithy%2fprotocol-http set size:164426 disposed:false
518 silly fetch manifest @smithy/util-stream@^4.5.2
519 silly packumentCache full:https://registry.npmjs.org/@smithy%2futil-stream cache-miss
520 http fetch GET 200 https://registry.npmjs.org/@smithy%2futil-stream 40ms (cache miss)
521 silly packumentCache full:https://registry.npmjs.org/@smithy%2futil-stream set size:undefined disposed:false
522 silly fetch manifest @smithy/querystring-builder@^4.2.2
523 silly packumentCache full:https://registry.npmjs.org/@smithy%2fquerystring-builder cache-miss
524 http fetch GET 200 https://registry.npmjs.org/@smithy%2fquerystring-builder 37ms (cache miss)
525 silly packumentCache full:https://registry.npmjs.org/@smithy%2fquerystring-builder set size:undefined disposed:false
526 silly fetch manifest @smithy/util-buffer-from@^4.2.0
527 silly packumentCache full:https://registry.npmjs.org/@smithy%2futil-buffer-from cache-miss
528 http fetch GET 200 https://registry.npmjs.org/@smithy%2futil-buffer-from 51ms (cache miss)
529 silly packumentCache full:https://registry.npmjs.org/@smithy%2futil-buffer-from set size:undefined disposed:false
530 silly fetch manifest @smithy/shared-ini-file-loader@^4.3.2
531 silly packumentCache full:https://registry.npmjs.org/@smithy%2fshared-ini-file-loader cache-miss
532 http cache https://registry.npmjs.org/@smithy%2fshared-ini-file-loader 1ms (cache hit)
533 silly packumentCache full:https://registry.npmjs.org/@smithy%2fshared-ini-file-loader set size:204440 disposed:false
534 silly fetch manifest @smithy/url-parser@^4.2.2
535 silly packumentCache full:https://registry.npmjs.org/@smithy%2furl-parser cache-miss
536 http cache https://registry.npmjs.org/@smithy%2furl-parser 3ms (cache hit)
537 silly packumentCache full:https://registry.npmjs.org/@smithy%2furl-parser set size:152552 disposed:false
538 silly fetch manifest @smithy/service-error-classification@^4.2.2
539 silly packumentCache full:https://registry.npmjs.org/@smithy%2fservice-error-classification cache-miss
540 http fetch GET 200 https://registry.npmjs.org/@smithy%2fservice-error-classification 44ms (cache miss)
541 silly packumentCache full:https://registry.npmjs.org/@smithy%2fservice-error-classification set size:undefined disposed:false
542 silly fetch manifest @smithy/smithy-client@^4.8.1
543 silly packumentCache full:https://registry.npmjs.org/@smithy%2fsmithy-client cache-miss
544 http cache https://registry.npmjs.org/@smithy%2fsmithy-client 2ms (cache hit)
545 silly packumentCache full:https://registry.npmjs.org/@smithy%2fsmithy-client set size:385627 disposed:false
546 silly fetch manifest @smithy/util-retry@^4.2.2
547 silly packumentCache full:https://registry.npmjs.org/@smithy%2futil-retry cache-miss
548 http cache https://registry.npmjs.org/@smithy%2futil-retry 1ms (cache hit)
549 silly packumentCache full:https://registry.npmjs.org/@smithy%2futil-retry set size:143419 disposed:false
550 silly fetch manifest @smithy/property-provider@^4.2.2
551 silly packumentCache full:https://registry.npmjs.org/@smithy%2fproperty-provider cache-miss
552 http cache https://registry.npmjs.org/@smithy%2fproperty-provider 1ms (cache hit)
553 silly packumentCache full:https://registry.npmjs.org/@smithy%2fproperty-provider set size:160861 disposed:false
554 silly fetch manifest @smithy/abort-controller@^4.2.2
555 silly packumentCache full:https://registry.npmjs.org/@smithy%2fabort-controller cache-miss
556 http fetch GET 200 https://registry.npmjs.org/@smithy%2fabort-controller 49ms (cache miss)
557 silly packumentCache full:https://registry.npmjs.org/@smithy%2fabort-controller set size:undefined disposed:false
558 silly fetch manifest @smithy/querystring-parser@^4.2.2
559 silly packumentCache full:https://registry.npmjs.org/@smithy%2fquerystring-parser cache-miss
560 http fetch GET 200 https://registry.npmjs.org/@smithy%2fquerystring-parser 46ms (cache miss)
561 silly packumentCache full:https://registry.npmjs.org/@smithy%2fquerystring-parser set size:undefined disposed:false
562 silly fetch manifest @smithy/credential-provider-imds@^4.2.2
563 silly packumentCache full:https://registry.npmjs.org/@smithy%2fcredential-provider-imds cache-miss
564 http cache https://registry.npmjs.org/@smithy%2fcredential-provider-imds 1ms (cache hit)
565 silly packumentCache full:https://registry.npmjs.org/@smithy%2fcredential-provider-imds set size:209683 disposed:false
566 silly placeDep ROOT @aws-crypto/supports-web-crypto@5.2.0 OK for: @aws-crypto/sha256-browser@5.2.0 want: ^5.2.0
567 silly placeDep ROOT @aws-crypto/util@5.2.0 OK for: @aws-crypto/sha256-browser@5.2.0 want: ^5.2.0
568 silly placeDep ROOT @aws-sdk/util-locate-window@3.893.0 OK for: @aws-crypto/sha256-browser@5.2.0 want: ^3.0.0
569 silly placeDep node_modules/@aws-crypto/sha256-browser @smithy/util-utf8@2.3.0 OK for: @aws-crypto/sha256-browser@5.2.0 want: ^2.0.0
570 silly fetch manifest @smithy/util-buffer-from@^2.2.0
571 silly packumentCache full:https://registry.npmjs.org/@smithy%2futil-buffer-from cache-miss
572 http cache https://registry.npmjs.org/@smithy%2futil-buffer-from 2ms (cache hit)
573 silly packumentCache full:https://registry.npmjs.org/@smithy%2futil-buffer-from set size:37874 disposed:false
574 silly placeDep node_modules/@aws-crypto/util @smithy/util-utf8@2.3.0 OK for: @aws-crypto/util@5.2.0 want: ^2.0.0
575 silly placeDep ROOT @aws-sdk/xml-builder@3.901.0 OK for: @aws-sdk/core@3.908.0 want: 3.901.0
576 silly placeDep ROOT @smithy/property-provider@4.2.2 OK for: @aws-sdk/core@3.908.0 want: ^4.2.0
577 silly placeDep ROOT @smithy/signature-v4@5.3.2 OK for: @aws-sdk/core@3.908.0 want: ^5.3.0
578 silly fetch manifest fast-xml-parser@5.2.5
579 silly packumentCache full:https://registry.npmjs.org/fast-xml-parser cache-miss
580 http fetch GET 200 https://registry.npmjs.org/fast-xml-parser 34ms (cache miss)
581 silly packumentCache full:https://registry.npmjs.org/fast-xml-parser set size:undefined disposed:false
582 silly fetch manifest @smithy/is-array-buffer@^4.2.0
583 silly packumentCache full:https://registry.npmjs.org/@smithy%2fis-array-buffer cache-miss
584 http fetch GET 200 https://registry.npmjs.org/@smithy%2fis-array-buffer 49ms (cache miss)
585 silly packumentCache full:https://registry.npmjs.org/@smithy%2fis-array-buffer set size:undefined disposed:false
586 silly fetch manifest @smithy/util-hex-encoding@^4.2.0
587 silly packumentCache full:https://registry.npmjs.org/@smithy%2futil-hex-encoding cache-miss
588 http fetch GET 200 https://registry.npmjs.org/@smithy%2futil-hex-encoding 62ms (cache miss)
589 silly packumentCache full:https://registry.npmjs.org/@smithy%2futil-hex-encoding set size:undefined disposed:false
590 silly fetch manifest @smithy/util-uri-escape@^4.2.0
591 silly packumentCache full:https://registry.npmjs.org/@smithy%2futil-uri-escape cache-miss
592 http fetch GET 200 https://registry.npmjs.org/@smithy%2futil-uri-escape 45ms (cache miss)
593 silly packumentCache full:https://registry.npmjs.org/@smithy%2futil-uri-escape set size:undefined disposed:false
594 silly placeDep ROOT @aws-sdk/credential-provider-env@3.908.0 OK for: @aws-sdk/credential-provider-node@3.908.0 want: 3.908.0
595 silly placeDep ROOT @aws-sdk/credential-provider-http@3.908.0 OK for: @aws-sdk/credential-provider-node@3.908.0 want: 3.908.0
596 silly placeDep ROOT @aws-sdk/credential-provider-ini@3.908.0 OK for: @aws-sdk/credential-provider-node@3.908.0 want: 3.908.0
597 silly placeDep ROOT @aws-sdk/credential-provider-process@3.908.0 OK for: @aws-sdk/credential-provider-node@3.908.0 want: 3.908.0
598 silly placeDep ROOT @aws-sdk/credential-provider-sso@3.908.0 OK for: @aws-sdk/credential-provider-node@3.908.0 want: 3.908.0
599 silly placeDep ROOT @aws-sdk/credential-provider-web-identity@3.908.0 OK for: @aws-sdk/credential-provider-node@3.908.0 want: 3.908.0
600 silly placeDep ROOT @smithy/credential-provider-imds@4.2.2 OK for: @aws-sdk/credential-provider-node@3.908.0 want: ^4.2.0
601 silly placeDep ROOT @smithy/shared-ini-file-loader@4.3.2 OK for: @aws-sdk/credential-provider-node@3.908.0 want: ^4.3.0
602 silly fetch manifest @smithy/util-stream@^4.5.0
603 silly packumentCache full:https://registry.npmjs.org/@smithy%2futil-stream cache-miss
604 http cache https://registry.npmjs.org/@smithy%2futil-stream 4ms (cache hit)
605 silly packumentCache full:https://registry.npmjs.org/@smithy%2futil-stream set size:347599 disposed:false
606 silly fetch manifest @aws-sdk/nested-clients@3.908.0
607 silly packumentCache full:https://registry.npmjs.org/@aws-sdk%2fnested-clients cache-miss
608 http fetch GET 200 https://registry.npmjs.org/@aws-sdk%2fnested-clients 41ms (cache miss)
609 silly packumentCache full:https://registry.npmjs.org/@aws-sdk%2fnested-clients set size:undefined disposed:false
610 silly fetch manifest @aws-sdk/client-sso@3.908.0
611 silly packumentCache full:https://registry.npmjs.org/@aws-sdk%2fclient-sso cache-miss
612 http fetch GET 200 https://registry.npmjs.org/@aws-sdk%2fclient-sso 86ms (cache miss)
613 silly packumentCache full:https://registry.npmjs.org/@aws-sdk%2fclient-sso set size:undefined disposed:false
614 silly fetch manifest @aws-sdk/token-providers@3.908.0
615 silly packumentCache full:https://registry.npmjs.org/@aws-sdk%2ftoken-providers cache-miss
616 http fetch GET 200 https://registry.npmjs.org/@aws-sdk%2ftoken-providers 92ms (cache miss)
617 silly packumentCache full:https://registry.npmjs.org/@aws-sdk%2ftoken-providers set size:undefined disposed:false
618 silly placeDep ROOT @smithy/util-stream@4.5.2 OK for: @aws-sdk/credential-provider-http@3.908.0 want: ^4.5.0
619 silly placeDep ROOT @aws-sdk/nested-clients@3.908.0 OK for: @aws-sdk/credential-provider-ini@3.908.0 want: 3.908.0
620 silly placeDep ROOT @aws-sdk/client-sso@3.908.0 OK for: @aws-sdk/credential-provider-sso@3.908.0 want: 3.908.0
621 silly placeDep ROOT @aws-sdk/token-providers@3.908.0 OK for: @aws-sdk/credential-provider-sso@3.908.0 want: 3.908.0
622 silly placeDep ROOT @aws/lambda-invoke-store@0.0.1 OK for: @aws-sdk/middleware-recursion-detection@3.901.0 want: ^0.0.1
623 silly placeDep ROOT @smithy/util-config-provider@4.2.0 OK for: @aws-sdk/region-config-resolver@3.901.0 want: ^4.2.0
624 silly placeDep ROOT bowser@2.12.1 OK for: @aws-sdk/util-user-agent-browser@3.907.0 want: ^2.11.0
625 silly placeDep ROOT fast-xml-parser@5.2.5 OK for: @aws-sdk/xml-builder@3.901.0 want: 5.2.5
626 silly fetch manifest strnum@^2.1.0
627 silly packumentCache full:https://registry.npmjs.org/strnum cache-miss
628 http fetch GET 200 https://registry.npmjs.org/strnum 36ms (cache miss)
629 silly packumentCache full:https://registry.npmjs.org/strnum set size:undefined disposed:false
630 silly placeDep ROOT semver@5.7.2 OK for: @pulumi/docker@4.9.0 want: ^5.4.0
631 silly placeDep ROOT @grpc/grpc-js@1.14.0 OK for: @pulumi/pulumi@3.202.0 want: ^1.10.1
632 silly placeDep ROOT @logdna/tail-file@2.2.0 OK for: @pulumi/pulumi@3.202.0 want: ^2.0.6
633 silly placeDep ROOT @npmcli/arborist@7.5.4 OK for: @pulumi/pulumi@3.202.0 want: ^7.3.1
634 silly placeDep ROOT @opentelemetry/api@1.9.0 OK for: @pulumi/pulumi@3.202.0 want: ^1.9
635 silly placeDep ROOT @opentelemetry/exporter-zipkin@1.30.1 OK for: @pulumi/pulumi@3.202.0 want: ^1.28
636 silly placeDep ROOT @opentelemetry/instrumentation@0.55.0 OK for: @pulumi/pulumi@3.202.0 want: ^0.55
637 silly placeDep ROOT @opentelemetry/instrumentation-grpc@0.55.0 OK for: @pulumi/pulumi@3.202.0 want: ^0.55
638 silly placeDep ROOT @opentelemetry/resources@1.30.1 OK for: @pulumi/pulumi@3.202.0 want: ^1.28
639 silly placeDep ROOT @opentelemetry/sdk-trace-base@1.30.1 OK for: @pulumi/pulumi@3.202.0 want: ^1.28
640 silly placeDep ROOT @opentelemetry/sdk-trace-node@1.30.1 OK for: @pulumi/pulumi@3.202.0 want: ^1.28
641 silly placeDep ROOT @types/google-protobuf@3.15.12 OK for: @pulumi/pulumi@3.202.0 want: ^3.15.5
642 silly placeDep ROOT @types/semver@7.7.1 OK for: @pulumi/pulumi@3.202.0 want: ^7.5.6
643 silly placeDep ROOT @types/tmp@0.2.6 OK for: @pulumi/pulumi@3.202.0 want: ^0.2.6
644 silly placeDep ROOT execa@5.1.1 OK for: @pulumi/pulumi@3.202.0 want: ^5.1.0
645 silly placeDep ROOT fdir@6.5.0 OK for: @pulumi/pulumi@3.202.0 want: ^6.1.1
646 silly placeDep ROOT google-protobuf@3.21.4 OK for: @pulumi/pulumi@3.202.0 want: ^3.21.4
647 silly placeDep ROOT got@11.8.6 OK for: @pulumi/pulumi@3.202.0 want: ^11.8.6
648 silly placeDep ROOT ini@2.0.0 OK for: @pulumi/pulumi@3.202.0 want: ^2.0.0
649 silly placeDep ROOT js-yaml@3.14.1 OK for: @pulumi/pulumi@3.202.0 want: ^3.14.0
650 silly placeDep ROOT minimist@1.2.8 OK for: @pulumi/pulumi@3.202.0 want: ^1.2.6
651 silly placeDep ROOT normalize-package-data@6.0.2 OK for: @pulumi/pulumi@3.202.0 want: ^6.0.0
652 silly placeDep ROOT picomatch@3.0.1 OK for: @pulumi/pulumi@3.202.0 want: ^3.0.1
653 silly placeDep ROOT pkg-dir@7.0.0 OK for: @pulumi/pulumi@3.202.0 want: ^7.0.0
654 silly placeDep ROOT require-from-string@2.0.2 OK for: @pulumi/pulumi@3.202.0 want: ^2.0.1
655 silly placeDep node_modules/@pulumi/pulumi semver@7.7.3 OK for: @pulumi/pulumi@3.202.0 want: ^7.5.2
656 silly placeDep ROOT source-map-support@0.5.21 OK for: @pulumi/pulumi@3.202.0 want: ^0.5.6
657 silly placeDep ROOT tmp@0.2.5 OK for: @pulumi/pulumi@3.202.0 want: ^0.2.4
658 silly placeDep ROOT upath@1.2.0 OK for: @pulumi/pulumi@3.202.0 want: ^1.1.0
659 silly fetch manifest @grpc/proto-loader@^0.8.0
660 silly packumentCache full:https://registry.npmjs.org/@grpc%2fproto-loader cache-miss
661 http fetch GET 200 https://registry.npmjs.org/@grpc%2fproto-loader 66ms (cache miss)
662 silly packumentCache full:https://registry.npmjs.org/@grpc%2fproto-loader set size:undefined disposed:false
663 silly fetch manifest @js-sdsl/ordered-map@^4.4.2
664 silly packumentCache full:https://registry.npmjs.org/@js-sdsl%2fordered-map cache-miss
665 http fetch GET 200 https://registry.npmjs.org/@js-sdsl%2fordered-map 55ms (cache miss)
666 silly packumentCache full:https://registry.npmjs.org/@js-sdsl%2fordered-map set size:undefined disposed:false
667 silly fetch manifest nopt@^7.2.1
668 silly packumentCache full:https://registry.npmjs.org/nopt cache-miss
669 http fetch GET 200 https://registry.npmjs.org/nopt 25ms (cache miss)
670 silly packumentCache full:https://registry.npmjs.org/nopt set size:undefined disposed:false
671 silly fetch manifest ssri@^10.0.6
672 silly packumentCache full:https://registry.npmjs.org/ssri cache-miss
673 http fetch GET 200 https://registry.npmjs.org/ssri 35ms (cache miss)
674 silly packumentCache full:https://registry.npmjs.org/ssri set size:undefined disposed:false
675 silly fetch manifest pacote@^18.0.6
676 silly packumentCache full:https://registry.npmjs.org/pacote cache-miss
677 http fetch GET 200 https://registry.npmjs.org/pacote 40ms (cache miss)
678 silly packumentCache full:https://registry.npmjs.org/pacote set size:undefined disposed:false
679 silly fetch manifest proggy@^2.0.0
680 silly packumentCache full:https://registry.npmjs.org/proggy cache-miss
681 http fetch GET 200 https://registry.npmjs.org/proggy 25ms (cache miss)
682 silly packumentCache full:https://registry.npmjs.org/proggy set size:undefined disposed:false
683 silly fetch manifest semver@^7.3.7
684 silly packumentCache full:https://registry.npmjs.org/semver cache-hit
685 silly fetch manifest cacache@^18.0.3
686 silly packumentCache full:https://registry.npmjs.org/cacache cache-miss
687 http fetch GET 200 https://registry.npmjs.org/cacache 48ms (cache miss)
688 silly packumentCache full:https://registry.npmjs.org/cacache set size:undefined disposed:false
689 silly fetch manifest proc-log@^4.2.0
690 silly packumentCache full:https://registry.npmjs.org/proc-log cache-miss
691 http fetch GET 200 https://registry.npmjs.org/proc-log 33ms (cache miss)
692 silly packumentCache full:https://registry.npmjs.org/proc-log set size:undefined disposed:false
693 silly fetch manifest bin-links@^4.0.4
694 silly packumentCache full:https://registry.npmjs.org/bin-links cache-miss
695 http fetch GET 200 https://registry.npmjs.org/bin-links 27ms (cache miss)
696 silly packumentCache full:https://registry.npmjs.org/bin-links set size:undefined disposed:false
697 silly fetch manifest lru-cache@^10.2.2
698 silly packumentCache full:https://registry.npmjs.org/lru-cache cache-miss
699 http fetch GET 200 https://registry.npmjs.org/lru-cache 49ms (cache miss)
700 silly packumentCache full:https://registry.npmjs.org/lru-cache set size:undefined disposed:false
701 silly fetch manifest minimatch@^9.0.4
702 silly packumentCache full:https://registry.npmjs.org/minimatch cache-miss
703 http fetch GET 200 https://registry.npmjs.org/minimatch 46ms (cache miss)
704 silly packumentCache full:https://registry.npmjs.org/minimatch set size:undefined disposed:false
705 silly fetch manifest treeverse@^3.0.0
706 silly packumentCache full:https://registry.npmjs.org/treeverse cache-miss
707 http fetch GET 200 https://registry.npmjs.org/treeverse 30ms (cache miss)
708 silly packumentCache full:https://registry.npmjs.org/treeverse set size:undefined disposed:false
709 silly fetch manifest @npmcli/fs@^3.1.1
710 silly packumentCache full:https://registry.npmjs.org/@npmcli%2ffs cache-miss
711 http fetch GET 200 https://registry.npmjs.org/@npmcli%2ffs 59ms (cache miss)
712 silly packumentCache full:https://registry.npmjs.org/@npmcli%2ffs set size:undefined disposed:false
713 silly fetch manifest walk-up-path@^3.0.1
714 silly packumentCache full:https://registry.npmjs.org/walk-up-path cache-miss
715 http fetch GET 200 https://registry.npmjs.org/walk-up-path 38ms (cache miss)
716 silly packumentCache full:https://registry.npmjs.org/walk-up-path set size:undefined disposed:false
717 silly fetch manifest @npmcli/query@^3.1.0
718 silly packumentCache full:https://registry.npmjs.org/@npmcli%2fquery cache-miss
719 http fetch GET 200 https://registry.npmjs.org/@npmcli%2fquery 45ms (cache miss)
720 silly packumentCache full:https://registry.npmjs.org/@npmcli%2fquery set size:undefined disposed:false
721 silly fetch manifest @npmcli/redact@^2.0.0
722 silly packumentCache full:https://registry.npmjs.org/@npmcli%2fredact cache-miss
723 http fetch GET 200 https://registry.npmjs.org/@npmcli%2fredact 35ms (cache miss)
724 silly packumentCache full:https://registry.npmjs.org/@npmcli%2fredact set size:undefined disposed:false
725 silly fetch manifest hosted-git-info@^7.0.2
726 silly packumentCache full:https://registry.npmjs.org/hosted-git-info cache-miss
727 http fetch GET 200 https://registry.npmjs.org/hosted-git-info 74ms (cache miss)
728 silly packumentCache full:https://registry.npmjs.org/hosted-git-info set size:undefined disposed:false
729 silly fetch manifest npm-package-arg@^11.0.2
730 silly packumentCache full:https://registry.npmjs.org/npm-package-arg cache-miss
731 http fetch GET 200 https://registry.npmjs.org/npm-package-arg 45ms (cache miss)
732 silly packumentCache full:https://registry.npmjs.org/npm-package-arg set size:undefined disposed:false
733 silly fetch manifest @npmcli/node-gyp@^3.0.0
734 silly packumentCache full:https://registry.npmjs.org/@npmcli%2fnode-gyp cache-miss
735 http fetch GET 200 https://registry.npmjs.org/@npmcli%2fnode-gyp 63ms (cache miss)
736 silly packumentCache full:https://registry.npmjs.org/@npmcli%2fnode-gyp set size:undefined disposed:false
737 silly fetch manifest npm-pick-manifest@^9.0.1
738 silly packumentCache full:https://registry.npmjs.org/npm-pick-manifest cache-miss
739 http fetch GET 200 https://registry.npmjs.org/npm-pick-manifest 31ms (cache miss)
740 silly packumentCache full:https://registry.npmjs.org/npm-pick-manifest set size:undefined disposed:false
741 silly fetch manifest @npmcli/run-script@^8.1.0
742 silly packumentCache full:https://registry.npmjs.org/@npmcli%2frun-script cache-miss
743 http fetch GET 200 https://registry.npmjs.org/@npmcli%2frun-script 66ms (cache miss)
744 silly packumentCache full:https://registry.npmjs.org/@npmcli%2frun-script set size:undefined disposed:false
745 silly fetch manifest npm-install-checks@^6.2.0
746 silly packumentCache full:https://registry.npmjs.org/npm-install-checks cache-miss
747 http fetch GET 200 https://registry.npmjs.org/npm-install-checks 39ms (cache miss)
748 silly packumentCache full:https://registry.npmjs.org/npm-install-checks set size:undefined disposed:false
749 silly fetch manifest npm-registry-fetch@^17.0.1
750 silly packumentCache full:https://registry.npmjs.org/npm-registry-fetch cache-miss
751 http fetch GET 200 https://registry.npmjs.org/npm-registry-fetch 32ms (cache miss)
752 silly packumentCache full:https://registry.npmjs.org/npm-registry-fetch set size:undefined disposed:false
753 silly fetch manifest promise-call-limit@^3.0.1
754 silly packumentCache full:https://registry.npmjs.org/promise-call-limit cache-miss
755 http fetch GET 200 https://registry.npmjs.org/promise-call-limit 32ms (cache miss)
756 silly packumentCache full:https://registry.npmjs.org/promise-call-limit set size:undefined disposed:false
757 silly fetch manifest json-stringify-nice@^1.1.4
758 silly packumentCache full:https://registry.npmjs.org/json-stringify-nice cache-miss
759 http fetch GET 200 https://registry.npmjs.org/json-stringify-nice 31ms (cache miss)
760 silly packumentCache full:https://registry.npmjs.org/json-stringify-nice set size:undefined disposed:false
761 silly fetch manifest parse-conflict-json@^3.0.0
762 silly packumentCache full:https://registry.npmjs.org/parse-conflict-json cache-miss
763 http fetch GET 200 https://registry.npmjs.org/parse-conflict-json 29ms (cache miss)
764 silly packumentCache full:https://registry.npmjs.org/parse-conflict-json set size:undefined disposed:false
765 silly fetch manifest @npmcli/package-json@^5.1.0
766 silly packumentCache full:https://registry.npmjs.org/@npmcli%2fpackage-json cache-miss
767 http fetch GET 200 https://registry.npmjs.org/@npmcli%2fpackage-json 43ms (cache miss)
768 silly packumentCache full:https://registry.npmjs.org/@npmcli%2fpackage-json set size:undefined disposed:false
769 silly fetch manifest common-ancestor-path@^1.0.1
770 silly packumentCache full:https://registry.npmjs.org/common-ancestor-path cache-miss
771 http fetch GET 200 https://registry.npmjs.org/common-ancestor-path 27ms (cache miss)
772 silly packumentCache full:https://registry.npmjs.org/common-ancestor-path set size:undefined disposed:false
773 silly fetch manifest @npmcli/map-workspaces@^3.0.2
774 silly packumentCache full:https://registry.npmjs.org/@npmcli%2fmap-workspaces cache-miss
775 http fetch GET 200 https://registry.npmjs.org/@npmcli%2fmap-workspaces 39ms (cache miss)
776 silly packumentCache full:https://registry.npmjs.org/@npmcli%2fmap-workspaces set size:undefined disposed:false
777 silly fetch manifest read-package-json-fast@^3.0.2
778 silly packumentCache full:https://registry.npmjs.org/read-package-json-fast cache-miss
779 http fetch GET 200 https://registry.npmjs.org/read-package-json-fast 37ms (cache miss)
780 silly packumentCache full:https://registry.npmjs.org/read-package-json-fast set size:undefined disposed:false
781 silly fetch manifest promise-all-reject-late@^1.0.0
782 silly packumentCache full:https://registry.npmjs.org/promise-all-reject-late cache-miss
783 http fetch GET 200 https://registry.npmjs.org/promise-all-reject-late 38ms (cache miss)
784 silly packumentCache full:https://registry.npmjs.org/promise-all-reject-late set size:undefined disposed:false
785 silly fetch manifest @npmcli/name-from-folder@^2.0.0
786 silly packumentCache full:https://registry.npmjs.org/@npmcli%2fname-from-folder cache-miss
787 http fetch GET 200 https://registry.npmjs.org/@npmcli%2fname-from-folder 37ms (cache miss)
788 silly packumentCache full:https://registry.npmjs.org/@npmcli%2fname-from-folder set size:undefined disposed:false
789 silly fetch manifest @npmcli/metavuln-calculator@^7.1.1
790 silly packumentCache full:https://registry.npmjs.org/@npmcli%2fmetavuln-calculator cache-miss
791 http fetch GET 200 https://registry.npmjs.org/@npmcli%2fmetavuln-calculator 138ms (cache miss)
792 silly packumentCache full:https://registry.npmjs.org/@npmcli%2fmetavuln-calculator set size:undefined disposed:false
793 silly fetch manifest @isaacs/string-locale-compare@^1.1.0
794 silly packumentCache full:https://registry.npmjs.org/@isaacs%2fstring-locale-compare cache-miss
795 http fetch GET 200 https://registry.npmjs.org/@isaacs%2fstring-locale-compare 39ms (cache miss)
796 silly packumentCache full:https://registry.npmjs.org/@isaacs%2fstring-locale-compare set size:undefined disposed:false
797 silly fetch manifest json-parse-even-better-errors@^3.0.2
798 silly packumentCache full:https://registry.npmjs.org/json-parse-even-better-errors cache-miss
799 http fetch GET 200 https://registry.npmjs.org/json-parse-even-better-errors 29ms (cache miss)
800 silly packumentCache full:https://registry.npmjs.org/json-parse-even-better-errors set size:undefined disposed:false
801 silly fetch manifest @npmcli/installed-package-contents@^2.1.0
802 silly packumentCache full:https://registry.npmjs.org/@npmcli%2finstalled-package-contents cache-miss
803 http fetch GET 200 https://registry.npmjs.org/@npmcli%2finstalled-package-contents 39ms (cache miss)
804 silly packumentCache full:https://registry.npmjs.org/@npmcli%2finstalled-package-contents set size:undefined disposed:false
805 silly fetch manifest @opentelemetry/core@1.30.1
806 silly packumentCache full:https://registry.npmjs.org/@opentelemetry%2fcore cache-miss
807 http fetch GET 200 https://registry.npmjs.org/@opentelemetry%2fcore 68ms (cache miss)
808 silly packumentCache full:https://registry.npmjs.org/@opentelemetry%2fcore set size:undefined disposed:false
809 silly fetch manifest @opentelemetry/resources@1.30.1
810 silly packumentCache full:https://registry.npmjs.org/@opentelemetry%2fresources cache-miss
811 http cache https://registry.npmjs.org/@opentelemetry%2fresources 3ms (cache hit)
812 silly packumentCache full:https://registry.npmjs.org/@opentelemetry%2fresources set size:689829 disposed:false
813 silly fetch manifest @opentelemetry/sdk-trace-base@1.30.1
814 silly packumentCache full:https://registry.npmjs.org/@opentelemetry%2fsdk-trace-base cache-miss
815 http cache https://registry.npmjs.org/@opentelemetry%2fsdk-trace-base 2ms (cache hit)
816 silly packumentCache full:https://registry.npmjs.org/@opentelemetry%2fsdk-trace-base set size:291599 disposed:false
817 silly fetch manifest @opentelemetry/semantic-conventions@1.28.0
818 silly packumentCache full:https://registry.npmjs.org/@opentelemetry%2fsemantic-conventions cache-miss
819 http fetch GET 200 https://registry.npmjs.org/@opentelemetry%2fsemantic-conventions 59ms (cache miss)
820 silly packumentCache full:https://registry.npmjs.org/@opentelemetry%2fsemantic-conventions set size:undefined disposed:false
821 silly fetch manifest shimmer@^1.2.1
822 silly packumentCache full:https://registry.npmjs.org/shimmer cache-miss
823 http fetch GET 200 https://registry.npmjs.org/shimmer 30ms (cache miss)
824 silly packumentCache full:https://registry.npmjs.org/shimmer set size:undefined disposed:false
825 silly fetch manifest @types/shimmer@^1.2.0
826 silly packumentCache full:https://registry.npmjs.org/@types%2fshimmer cache-miss
827 http fetch GET 200 https://registry.npmjs.org/@types%2fshimmer 34ms (cache miss)
828 silly packumentCache full:https://registry.npmjs.org/@types%2fshimmer set size:undefined disposed:false
829 silly fetch manifest import-in-the-middle@^1.8.1
830 silly packumentCache full:https://registry.npmjs.org/import-in-the-middle cache-miss
831 http fetch GET 200 https://registry.npmjs.org/import-in-the-middle 27ms (cache miss)
832 silly packumentCache full:https://registry.npmjs.org/import-in-the-middle set size:undefined disposed:false
833 silly fetch manifest require-in-the-middle@^7.1.1
834 silly packumentCache full:https://registry.npmjs.org/require-in-the-middle cache-miss
835 http fetch GET 200 https://registry.npmjs.org/require-in-the-middle 49ms (cache miss)
836 silly packumentCache full:https://registry.npmjs.org/require-in-the-middle set size:undefined disposed:false
837 silly fetch manifest @opentelemetry/api-logs@0.55.0
838 silly packumentCache full:https://registry.npmjs.org/@opentelemetry%2fapi-logs cache-miss
839 http fetch GET 200 https://registry.npmjs.org/@opentelemetry%2fapi-logs 56ms (cache miss)
840 silly packumentCache full:https://registry.npmjs.org/@opentelemetry%2fapi-logs set size:undefined disposed:false
841 silly fetch manifest @opentelemetry/semantic-conventions@1.27.0
842 silly packumentCache full:https://registry.npmjs.org/@opentelemetry%2fsemantic-conventions cache-miss
843 http cache https://registry.npmjs.org/@opentelemetry%2fsemantic-conventions 21ms (cache hit)
844 silly packumentCache full:https://registry.npmjs.org/@opentelemetry%2fsemantic-conventions set size:407977 disposed:false
845 silly fetch manifest @opentelemetry/propagator-b3@1.30.1
846 silly packumentCache full:https://registry.npmjs.org/@opentelemetry%2fpropagator-b3 cache-miss
847 http fetch GET 200 https://registry.npmjs.org/@opentelemetry%2fpropagator-b3 63ms (cache miss)
848 silly packumentCache full:https://registry.npmjs.org/@opentelemetry%2fpropagator-b3 set size:undefined disposed:false
849 silly fetch manifest @opentelemetry/propagator-jaeger@1.30.1
850 silly packumentCache full:https://registry.npmjs.org/@opentelemetry%2fpropagator-jaeger cache-miss
851 http fetch GET 200 https://registry.npmjs.org/@opentelemetry%2fpropagator-jaeger 44ms (cache miss)
852 silly packumentCache full:https://registry.npmjs.org/@opentelemetry%2fpropagator-jaeger set size:undefined disposed:false
853 silly fetch manifest @opentelemetry/context-async-hooks@1.30.1
854 silly packumentCache full:https://registry.npmjs.org/@opentelemetry%2fcontext-async-hooks cache-miss
855 http fetch GET 200 https://registry.npmjs.org/@opentelemetry%2fcontext-async-hooks 65ms (cache miss)
856 silly packumentCache full:https://registry.npmjs.org/@opentelemetry%2fcontext-async-hooks set size:undefined disposed:false
857 silly fetch manifest onetime@^5.1.2
858 silly packumentCache full:https://registry.npmjs.org/onetime cache-miss
859 http fetch GET 200 https://registry.npmjs.org/onetime 36ms (cache miss)
860 silly packumentCache full:https://registry.npmjs.org/onetime set size:undefined disposed:false
861 silly fetch manifest is-stream@^2.0.0
862 silly packumentCache full:https://registry.npmjs.org/is-stream cache-miss
863 http fetch GET 200 https://registry.npmjs.org/is-stream 32ms (cache miss)
864 silly packumentCache full:https://registry.npmjs.org/is-stream set size:undefined disposed:false
865 silly fetch manifest get-stream@^6.0.0
866 silly packumentCache full:https://registry.npmjs.org/get-stream cache-miss
867 http fetch GET 200 https://registry.npmjs.org/get-stream 38ms (cache miss)
868 silly packumentCache full:https://registry.npmjs.org/get-stream set size:undefined disposed:false
869 silly fetch manifest cross-spawn@^7.0.3
870 silly packumentCache full:https://registry.npmjs.org/cross-spawn cache-miss
871 http fetch GET 200 https://registry.npmjs.org/cross-spawn 25ms (cache miss)
872 silly packumentCache full:https://registry.npmjs.org/cross-spawn set size:undefined disposed:false
873 silly fetch manifest signal-exit@^3.0.3
874 silly packumentCache full:https://registry.npmjs.org/signal-exit cache-miss
875 http fetch GET 200 https://registry.npmjs.org/signal-exit 26ms (cache miss)
876 silly packumentCache full:https://registry.npmjs.org/signal-exit set size:undefined disposed:false
877 silly fetch manifest merge-stream@^2.0.0
878 silly packumentCache full:https://registry.npmjs.org/merge-stream cache-miss
879 http fetch GET 200 https://registry.npmjs.org/merge-stream 29ms (cache miss)
880 silly packumentCache full:https://registry.npmjs.org/merge-stream set size:undefined disposed:false
881 silly fetch manifest npm-run-path@^4.0.1
882 silly packumentCache full:https://registry.npmjs.org/npm-run-path cache-miss
883 http fetch GET 200 https://registry.npmjs.org/npm-run-path 29ms (cache miss)
884 silly packumentCache full:https://registry.npmjs.org/npm-run-path set size:undefined disposed:false
885 silly fetch manifest human-signals@^2.1.0
886 silly packumentCache full:https://registry.npmjs.org/human-signals cache-miss
887 http fetch GET 200 https://registry.npmjs.org/human-signals 33ms (cache miss)
888 silly packumentCache full:https://registry.npmjs.org/human-signals set size:undefined disposed:false
889 silly fetch manifest strip-final-newline@^2.0.0
890 silly packumentCache full:https://registry.npmjs.org/strip-final-newline cache-miss
891 http fetch GET 200 https://registry.npmjs.org/strip-final-newline 32ms (cache miss)
892 silly packumentCache full:https://registry.npmjs.org/strip-final-newline set size:undefined disposed:false
893 silly fetch manifest p-cancelable@^2.0.0
894 silly packumentCache full:https://registry.npmjs.org/p-cancelable cache-miss
895 http fetch GET 200 https://registry.npmjs.org/p-cancelable 28ms (cache miss)
896 silly packumentCache full:https://registry.npmjs.org/p-cancelable set size:undefined disposed:false
897 silly fetch manifest responselike@^2.0.0
898 silly packumentCache full:https://registry.npmjs.org/responselike cache-miss
899 http fetch GET 200 https://registry.npmjs.org/responselike 25ms (cache miss)
900 silly packumentCache full:https://registry.npmjs.org/responselike set size:undefined disposed:false
901 silly fetch manifest http2-wrapper@^1.0.0-beta.5.2
902 silly packumentCache full:https://registry.npmjs.org/http2-wrapper cache-miss
903 http fetch GET 200 https://registry.npmjs.org/http2-wrapper 45ms (cache miss)
904 silly packumentCache full:https://registry.npmjs.org/http2-wrapper set size:undefined disposed:false
905 silly fetch manifest lowercase-keys@^2.0.0
906 silly packumentCache full:https://registry.npmjs.org/lowercase-keys cache-miss
907 http fetch GET 200 https://registry.npmjs.org/lowercase-keys 29ms (cache miss)
908 silly packumentCache full:https://registry.npmjs.org/lowercase-keys set size:undefined disposed:false
909 silly fetch manifest @sindresorhus/is@^4.0.0
910 silly packumentCache full:https://registry.npmjs.org/@sindresorhus%2fis cache-miss
911 http fetch GET 200 https://registry.npmjs.org/@sindresorhus%2fis 54ms (cache miss)
912 silly packumentCache full:https://registry.npmjs.org/@sindresorhus%2fis set size:undefined disposed:false
913 silly fetch manifest cacheable-lookup@^5.0.3
914 silly packumentCache full:https://registry.npmjs.org/cacheable-lookup cache-miss
915 http fetch GET 200 https://registry.npmjs.org/cacheable-lookup 38ms (cache miss)
916 silly packumentCache full:https://registry.npmjs.org/cacheable-lookup set size:undefined disposed:false
917 silly fetch manifest cacheable-request@^7.0.2
918 silly packumentCache full:https://registry.npmjs.org/cacheable-request cache-miss
919 http fetch GET 200 https://registry.npmjs.org/cacheable-request 36ms (cache miss)
920 silly packumentCache full:https://registry.npmjs.org/cacheable-request set size:undefined disposed:false
921 silly fetch manifest @types/responselike@^1.0.0
922 silly packumentCache full:https://registry.npmjs.org/@types%2fresponselike cache-miss
923 http fetch GET 200 https://registry.npmjs.org/@types%2fresponselike 45ms (cache miss)
924 silly packumentCache full:https://registry.npmjs.org/@types%2fresponselike set size:undefined disposed:false
925 silly fetch manifest decompress-response@^6.0.0
926 silly packumentCache full:https://registry.npmjs.org/decompress-response cache-miss
927 http fetch GET 200 https://registry.npmjs.org/decompress-response 24ms (cache miss)
928 silly packumentCache full:https://registry.npmjs.org/decompress-response set size:undefined disposed:false
929 silly fetch manifest @szmarczak/http-timer@^4.0.5
930 silly packumentCache full:https://registry.npmjs.org/@szmarczak%2fhttp-timer cache-miss
931 http fetch GET 200 https://registry.npmjs.org/@szmarczak%2fhttp-timer 42ms (cache miss)
932 silly packumentCache full:https://registry.npmjs.org/@szmarczak%2fhttp-timer set size:undefined disposed:false
933 silly fetch manifest @types/cacheable-request@^6.0.1
934 silly packumentCache full:https://registry.npmjs.org/@types%2fcacheable-request cache-miss
935 http fetch GET 200 https://registry.npmjs.org/@types%2fcacheable-request 32ms (cache miss)
936 silly packumentCache full:https://registry.npmjs.org/@types%2fcacheable-request set size:undefined disposed:false
937 silly fetch manifest esprima@^4.0.0
938 silly packumentCache full:https://registry.npmjs.org/esprima cache-miss
939 http fetch GET 200 https://registry.npmjs.org/esprima 31ms (cache miss)
940 silly packumentCache full:https://registry.npmjs.org/esprima set size:undefined disposed:false
941 silly fetch manifest argparse@^1.0.7
942 silly packumentCache full:https://registry.npmjs.org/argparse cache-miss
943 http fetch GET 200 https://registry.npmjs.org/argparse 32ms (cache miss)
944 silly packumentCache full:https://registry.npmjs.org/argparse set size:undefined disposed:false
945 silly fetch manifest semver@^7.3.5
946 silly packumentCache full:https://registry.npmjs.org/semver cache-hit
947 silly fetch manifest hosted-git-info@^7.0.0
948 silly packumentCache full:https://registry.npmjs.org/hosted-git-info cache-miss
949 http cache https://registry.npmjs.org/hosted-git-info 2ms (cache hit)
950 silly packumentCache full:https://registry.npmjs.org/hosted-git-info set size:178912 disposed:false
951 silly fetch manifest validate-npm-package-license@^3.0.4
952 silly packumentCache full:https://registry.npmjs.org/validate-npm-package-license cache-miss
953 http fetch GET 200 https://registry.npmjs.org/validate-npm-package-license 31ms (cache miss)
954 silly packumentCache full:https://registry.npmjs.org/validate-npm-package-license set size:undefined disposed:false
955 silly fetch manifest find-up@^6.3.0
956 silly packumentCache full:https://registry.npmjs.org/find-up cache-miss
957 http fetch GET 200 https://registry.npmjs.org/find-up 33ms (cache miss)
958 silly packumentCache full:https://registry.npmjs.org/find-up set size:undefined disposed:false
959 silly fetch manifest buffer-from@^1.0.0
960 silly packumentCache full:https://registry.npmjs.org/buffer-from cache-miss
961 http fetch GET 200 https://registry.npmjs.org/buffer-from 39ms (cache miss)
962 silly packumentCache full:https://registry.npmjs.org/buffer-from set size:undefined disposed:false
963 silly fetch manifest source-map@^0.6.0
964 silly packumentCache full:https://registry.npmjs.org/source-map cache-miss
965 http fetch GET 200 https://registry.npmjs.org/source-map 32ms (cache miss)
966 silly packumentCache full:https://registry.npmjs.org/source-map set size:undefined disposed:false
967 silly placeDep ROOT @grpc/proto-loader@0.8.0 OK for: @grpc/grpc-js@1.14.0 want: ^0.8.0
968 silly placeDep ROOT @js-sdsl/ordered-map@4.4.2 OK for: @grpc/grpc-js@1.14.0 want: ^4.4.2
969 silly fetch manifest lodash.camelcase@^4.3.0
970 silly packumentCache full:https://registry.npmjs.org/lodash.camelcase cache-miss
971 http fetch GET 200 https://registry.npmjs.org/lodash.camelcase 35ms (cache miss)
972 silly packumentCache full:https://registry.npmjs.org/lodash.camelcase set size:undefined disposed:false
973 silly fetch manifest long@^5.0.0
974 silly packumentCache full:https://registry.npmjs.org/long cache-miss
975 http fetch GET 200 https://registry.npmjs.org/long 36ms (cache miss)
976 silly packumentCache full:https://registry.npmjs.org/long set size:undefined disposed:false
977 silly fetch manifest protobufjs@^7.5.3
978 silly packumentCache full:https://registry.npmjs.org/protobufjs cache-miss
979 http fetch GET 200 https://registry.npmjs.org/protobufjs 49ms (cache miss)
980 silly packumentCache full:https://registry.npmjs.org/protobufjs set size:undefined disposed:false
981 silly fetch manifest yargs@^17.7.2
982 silly packumentCache full:https://registry.npmjs.org/yargs cache-miss
983 http fetch GET 200 https://registry.npmjs.org/yargs 41ms (cache miss)
984 silly packumentCache full:https://registry.npmjs.org/yargs set size:undefined disposed:false
985 silly placeDep ROOT lodash.camelcase@4.3.0 OK for: @grpc/proto-loader@0.8.0 want: ^4.3.0
986 silly placeDep ROOT long@5.3.2 OK for: @grpc/proto-loader@0.8.0 want: ^5.0.0
987 silly placeDep ROOT protobufjs@7.5.4 OK for: @grpc/proto-loader@0.8.0 want: ^7.5.3
988 silly placeDep ROOT yargs@17.7.2 OK for: @grpc/proto-loader@0.8.0 want: ^17.7.2
989 silly fetch manifest @protobufjs/aspromise@^1.1.2
990 silly packumentCache full:https://registry.npmjs.org/@protobufjs%2faspromise cache-miss
991 http fetch GET 200 https://registry.npmjs.org/@protobufjs%2faspromise 45ms (cache miss)
992 silly packumentCache full:https://registry.npmjs.org/@protobufjs%2faspromise set size:undefined disposed:false
993 silly fetch manifest @protobufjs/base64@^1.1.2
994 silly packumentCache full:https://registry.npmjs.org/@protobufjs%2fbase64 cache-miss
995 http fetch GET 200 https://registry.npmjs.org/@protobufjs%2fbase64 45ms (cache miss)
996 silly packumentCache full:https://registry.npmjs.org/@protobufjs%2fbase64 set size:undefined disposed:false
997 silly fetch manifest @protobufjs/codegen@^2.0.4
998 silly packumentCache full:https://registry.npmjs.org/@protobufjs%2fcodegen cache-miss
999 http fetch GET 200 https://registry.npmjs.org/@protobufjs%2fcodegen 76ms (cache miss)
1000 silly packumentCache full:https://registry.npmjs.org/@protobufjs%2fcodegen set size:undefined disposed:false
1001 silly fetch manifest @protobufjs/eventemitter@^1.1.0
1002 silly packumentCache full:https://registry.npmjs.org/@protobufjs%2feventemitter cache-miss
1003 http fetch GET 200 https://registry.npmjs.org/@protobufjs%2feventemitter 44ms (cache miss)
1004 silly packumentCache full:https://registry.npmjs.org/@protobufjs%2feventemitter set size:undefined disposed:false
1005 silly fetch manifest @protobufjs/fetch@^1.1.0
1006 silly packumentCache full:https://registry.npmjs.org/@protobufjs%2ffetch cache-miss
1007 http fetch GET 200 https://registry.npmjs.org/@protobufjs%2ffetch 44ms (cache miss)
1008 silly packumentCache full:https://registry.npmjs.org/@protobufjs%2ffetch set size:undefined disposed:false
1009 silly fetch manifest @protobufjs/float@^1.0.2
1010 silly packumentCache full:https://registry.npmjs.org/@protobufjs%2ffloat cache-miss
1011 http fetch GET 200 https://registry.npmjs.org/@protobufjs%2ffloat 50ms (cache miss)
1012 silly packumentCache full:https://registry.npmjs.org/@protobufjs%2ffloat set size:undefined disposed:false
1013 silly fetch manifest @protobufjs/inquire@^1.1.0
1014 silly packumentCache full:https://registry.npmjs.org/@protobufjs%2finquire cache-miss
1015 http fetch GET 200 https://registry.npmjs.org/@protobufjs%2finquire 40ms (cache miss)
1016 silly packumentCache full:https://registry.npmjs.org/@protobufjs%2finquire set size:undefined disposed:false
1017 silly fetch manifest @protobufjs/path@^1.1.2
1018 silly packumentCache full:https://registry.npmjs.org/@protobufjs%2fpath cache-miss
1019 http fetch GET 200 https://registry.npmjs.org/@protobufjs%2fpath 66ms (cache miss)
1020 silly packumentCache full:https://registry.npmjs.org/@protobufjs%2fpath set size:undefined disposed:false
1021 silly fetch manifest @protobufjs/pool@^1.1.0
1022 silly packumentCache full:https://registry.npmjs.org/@protobufjs%2fpool cache-miss
1023 http fetch GET 200 https://registry.npmjs.org/@protobufjs%2fpool 38ms (cache miss)
1024 silly packumentCache full:https://registry.npmjs.org/@protobufjs%2fpool set size:undefined disposed:false
1025 silly fetch manifest @protobufjs/utf8@^1.1.0
1026 silly packumentCache full:https://registry.npmjs.org/@protobufjs%2futf8 cache-miss
1027 http fetch GET 200 https://registry.npmjs.org/@protobufjs%2futf8 38ms (cache miss)
1028 silly packumentCache full:https://registry.npmjs.org/@protobufjs%2futf8 set size:undefined disposed:false
1029 silly fetch manifest y18n@^5.0.5
1030 silly packumentCache full:https://registry.npmjs.org/y18n cache-miss
1031 http fetch GET 200 https://registry.npmjs.org/y18n 27ms (cache miss)
1032 silly packumentCache full:https://registry.npmjs.org/y18n set size:undefined disposed:false
1033 silly fetch manifest cliui@^8.0.1
1034 silly packumentCache full:https://registry.npmjs.org/cliui cache-miss
1035 http fetch GET 200 https://registry.npmjs.org/cliui 25ms (cache miss)
1036 silly packumentCache full:https://registry.npmjs.org/cliui set size:undefined disposed:false
1037 silly fetch manifest escalade@^3.1.1
1038 silly packumentCache full:https://registry.npmjs.org/escalade cache-miss
1039 http fetch GET 200 https://registry.npmjs.org/escalade 35ms (cache miss)
1040 silly packumentCache full:https://registry.npmjs.org/escalade set size:undefined disposed:false
1041 silly fetch manifest string-width@^4.2.3
1042 silly packumentCache full:https://registry.npmjs.org/string-width cache-miss
1043 http fetch GET 200 https://registry.npmjs.org/string-width 26ms (cache miss)
1044 silly packumentCache full:https://registry.npmjs.org/string-width set size:undefined disposed:false
1045 silly fetch manifest yargs-parser@^21.1.1
1046 silly packumentCache full:https://registry.npmjs.org/yargs-parser cache-miss
1047 http fetch GET 200 https://registry.npmjs.org/yargs-parser 31ms (cache miss)
1048 silly packumentCache full:https://registry.npmjs.org/yargs-parser set size:undefined disposed:false
1049 silly fetch manifest get-caller-file@^2.0.5
1050 silly packumentCache full:https://registry.npmjs.org/get-caller-file cache-miss
1051 http fetch GET 200 https://registry.npmjs.org/get-caller-file 28ms (cache miss)
1052 silly packumentCache full:https://registry.npmjs.org/get-caller-file set size:undefined disposed:false
1053 silly fetch manifest require-directory@^2.1.1
1054 silly packumentCache full:https://registry.npmjs.org/require-directory cache-miss
1055 http fetch GET 200 https://registry.npmjs.org/require-directory 25ms (cache miss)
1056 silly packumentCache full:https://registry.npmjs.org/require-directory set size:undefined disposed:false
1057 silly placeDep ROOT @isaacs/string-locale-compare@1.1.0 OK for: @npmcli/arborist@7.5.4 want: ^1.1.0
1058 silly placeDep ROOT @npmcli/fs@3.1.1 OK for: @npmcli/arborist@7.5.4 want: ^3.1.1
1059 silly placeDep ROOT @npmcli/installed-package-contents@2.1.0 OK for: @npmcli/arborist@7.5.4 want: ^2.1.0
1060 silly placeDep ROOT @npmcli/map-workspaces@3.0.6 OK for: @npmcli/arborist@7.5.4 want: ^3.0.2
1061 silly placeDep ROOT @npmcli/metavuln-calculator@7.1.1 OK for: @npmcli/arborist@7.5.4 want: ^7.1.1
1062 silly placeDep ROOT @npmcli/name-from-folder@2.0.0 OK for: @npmcli/arborist@7.5.4 want: ^2.0.0
1063 silly placeDep ROOT @npmcli/node-gyp@3.0.0 OK for: @npmcli/arborist@7.5.4 want: ^3.0.0
1064 silly placeDep ROOT @npmcli/package-json@5.2.1 OK for: @npmcli/arborist@7.5.4 want: ^5.1.0
1065 silly placeDep ROOT @npmcli/query@3.1.0 OK for: @npmcli/arborist@7.5.4 want: ^3.1.0
1066 silly placeDep ROOT @npmcli/redact@2.0.1 OK for: @npmcli/arborist@7.5.4 want: ^2.0.0
1067 silly placeDep ROOT @npmcli/run-script@8.1.0 OK for: @npmcli/arborist@7.5.4 want: ^8.1.0
1068 silly placeDep ROOT bin-links@4.0.4 OK for: @npmcli/arborist@7.5.4 want: ^4.0.4
1069 silly placeDep ROOT cacache@18.0.4 OK for: @npmcli/arborist@7.5.4 want: ^18.0.3
1070 silly placeDep ROOT common-ancestor-path@1.0.1 OK for: @npmcli/arborist@7.5.4 want: ^1.0.1
1071 silly placeDep ROOT hosted-git-info@7.0.2 OK for: @npmcli/arborist@7.5.4 want: ^7.0.2
1072 silly placeDep ROOT json-parse-even-better-errors@3.0.2 OK for: @npmcli/arborist@7.5.4 want: ^3.0.2
1073 silly placeDep ROOT json-stringify-nice@1.1.4 OK for: @npmcli/arborist@7.5.4 want: ^1.1.4
1074 silly placeDep ROOT lru-cache@10.4.3 OK for: @npmcli/arborist@7.5.4 want: ^10.2.2
1075 silly placeDep ROOT minimatch@9.0.5 OK for: @npmcli/arborist@7.5.4 want: ^9.0.4
1076 silly placeDep ROOT nopt@7.2.1 OK for: @npmcli/arborist@7.5.4 want: ^7.2.1
1077 silly placeDep ROOT npm-install-checks@6.3.0 OK for: @npmcli/arborist@7.5.4 want: ^6.2.0
1078 silly placeDep ROOT npm-package-arg@11.0.3 OK for: @npmcli/arborist@7.5.4 want: ^11.0.2
1079 silly placeDep ROOT npm-pick-manifest@9.1.0 OK for: @npmcli/arborist@7.5.4 want: ^9.0.1
1080 silly placeDep ROOT npm-registry-fetch@17.1.0 OK for: @npmcli/arborist@7.5.4 want: ^17.0.1
1081 silly placeDep ROOT pacote@18.0.6 OK for: @npmcli/arborist@7.5.4 want: ^18.0.6
1082 silly placeDep ROOT parse-conflict-json@3.0.1 OK for: @npmcli/arborist@7.5.4 want: ^3.0.0
1083 silly placeDep ROOT proc-log@4.2.0 OK for: @npmcli/arborist@7.5.4 want: ^4.2.0
1084 silly placeDep ROOT proggy@2.0.0 OK for: @npmcli/arborist@7.5.4 want: ^2.0.0
1085 silly placeDep ROOT promise-all-reject-late@1.0.1 OK for: @npmcli/arborist@7.5.4 want: ^1.0.0
1086 silly placeDep ROOT promise-call-limit@3.0.2 OK for: @npmcli/arborist@7.5.4 want: ^3.0.1
1087 silly placeDep ROOT read-package-json-fast@3.0.2 OK for: @npmcli/arborist@7.5.4 want: ^3.0.2
1088 silly placeDep node_modules/@npmcli/arborist semver@7.7.3 OK for: @npmcli/arborist@7.5.4 want: ^7.3.7
1089 silly placeDep ROOT ssri@10.0.6 OK for: @npmcli/arborist@7.5.4 want: ^10.0.6
1090 silly placeDep ROOT treeverse@3.0.0 OK for: @npmcli/arborist@7.5.4 want: ^3.0.0
1091 silly placeDep ROOT walk-up-path@3.0.1 OK for: @npmcli/arborist@7.5.4 want: ^3.0.1
1092 silly fetch manifest npm-bundled@^3.0.0
1093 silly packumentCache full:https://registry.npmjs.org/npm-bundled cache-miss
1094 http fetch GET 200 https://registry.npmjs.org/npm-bundled 82ms (cache miss)
1095 silly packumentCache full:https://registry.npmjs.org/npm-bundled set size:undefined disposed:false
1096 silly fetch manifest npm-normalize-package-bin@^3.0.0
1097 silly packumentCache full:https://registry.npmjs.org/npm-normalize-package-bin cache-miss
1098 http fetch GET 200 https://registry.npmjs.org/npm-normalize-package-bin 90ms (cache miss)
1099 silly packumentCache full:https://registry.npmjs.org/npm-normalize-package-bin set size:undefined disposed:false
1100 silly fetch manifest glob@^10.2.2
1101 silly packumentCache full:https://registry.npmjs.org/glob cache-miss
1102 http fetch GET 200 https://registry.npmjs.org/glob 39ms (cache miss)
1103 silly packumentCache full:https://registry.npmjs.org/glob set size:undefined disposed:false
1104 silly fetch manifest minimatch@^9.0.0
1105 silly packumentCache full:https://registry.npmjs.org/minimatch cache-miss
1106 http cache https://registry.npmjs.org/minimatch 2ms (cache hit)
1107 silly packumentCache full:https://registry.npmjs.org/minimatch set size:298903 disposed:false
1108 silly fetch manifest read-package-json-fast@^3.0.0
1109 silly packumentCache full:https://registry.npmjs.org/read-package-json-fast cache-miss
1110 http cache https://registry.npmjs.org/read-package-json-fast 1ms (cache hit)
1111 silly packumentCache full:https://registry.npmjs.org/read-package-json-fast set size:57854 disposed:false
1112 silly fetch manifest pacote@^18.0.0
1113 silly packumentCache full:https://registry.npmjs.org/pacote cache-miss
1114 http cache https://registry.npmjs.org/pacote 2ms (cache hit)
1115 silly packumentCache full:https://registry.npmjs.org/pacote set size:731490 disposed:false
1116 silly fetch manifest cacache@^18.0.0
1117 silly packumentCache full:https://registry.npmjs.org/cacache cache-miss
1118 http cache https://registry.npmjs.org/cacache 4ms (cache hit)
1119 silly packumentCache full:https://registry.npmjs.org/cacache set size:373372 disposed:false
1120 silly fetch manifest proc-log@^4.1.0
1121 silly packumentCache full:https://registry.npmjs.org/proc-log cache-miss
1122 http cache https://registry.npmjs.org/proc-log 2ms (cache hit)
1123 silly packumentCache full:https://registry.npmjs.org/proc-log set size:28583 disposed:false
1124 silly fetch manifest json-parse-even-better-errors@^3.0.0
1125 silly packumentCache full:https://registry.npmjs.org/json-parse-even-better-errors cache-miss
1126 http cache https://registry.npmjs.org/json-parse-even-better-errors 1ms (cache hit)
1127 silly packumentCache full:https://registry.npmjs.org/json-parse-even-better-errors set size:31947 disposed:false
1128 silly fetch manifest semver@^7.5.3
1129 silly packumentCache full:https://registry.npmjs.org/semver cache-hit
1130 silly fetch manifest proc-log@^4.0.0
1131 silly packumentCache full:https://registry.npmjs.org/proc-log cache-hit
1132 silly fetch manifest @npmcli/git@^5.0.0
1133 silly packumentCache full:https://registry.npmjs.org/@npmcli%2fgit cache-miss
1134 http fetch GET 200 https://registry.npmjs.org/@npmcli%2fgit 62ms (cache miss)
1135 silly packumentCache full:https://registry.npmjs.org/@npmcli%2fgit set size:undefined disposed:false
1136 silly fetch manifest postcss-selector-parser@^6.0.10
1137 silly packumentCache full:https://registry.npmjs.org/postcss-selector-parser cache-miss
1138 http fetch GET 200 https://registry.npmjs.org/postcss-selector-parser 47ms (cache miss)
1139 silly packumentCache full:https://registry.npmjs.org/postcss-selector-parser set size:undefined disposed:false
1140 silly fetch manifest which@^4.0.0
1141 silly packumentCache full:https://registry.npmjs.org/which cache-miss
1142 http fetch GET 200 https://registry.npmjs.org/which 25ms (cache miss)
1143 silly packumentCache full:https://registry.npmjs.org/which set size:undefined disposed:false
1144 silly fetch manifest node-gyp@^10.0.0
1145 silly packumentCache full:https://registry.npmjs.org/node-gyp cache-miss
1146 http fetch GET 200 https://registry.npmjs.org/node-gyp 24ms (cache miss)
1147 silly packumentCache full:https://registry.npmjs.org/node-gyp set size:undefined disposed:false
1148 silly fetch manifest @npmcli/promise-spawn@^7.0.0
1149 silly packumentCache full:https://registry.npmjs.org/@npmcli%2fpromise-spawn cache-miss
1150 http fetch GET 200 https://registry.npmjs.org/@npmcli%2fpromise-spawn 52ms (cache miss)
1151 silly packumentCache full:https://registry.npmjs.org/@npmcli%2fpromise-spawn set size:undefined disposed:false
1152 silly fetch manifest cmd-shim@^6.0.0
1153 silly packumentCache full:https://registry.npmjs.org/cmd-shim cache-miss
1154 http fetch GET 200 https://registry.npmjs.org/cmd-shim 24ms (cache miss)
1155 silly packumentCache full:https://registry.npmjs.org/cmd-shim set size:undefined disposed:false
1156 silly fetch manifest read-cmd-shim@^4.0.0
1157 silly packumentCache full:https://registry.npmjs.org/read-cmd-shim cache-miss
1158 http fetch GET 200 https://registry.npmjs.org/read-cmd-shim 26ms (cache miss)
1159 silly packumentCache full:https://registry.npmjs.org/read-cmd-shim set size:undefined disposed:false
1160 silly fetch manifest write-file-atomic@^5.0.0
1161 silly packumentCache full:https://registry.npmjs.org/write-file-atomic cache-miss
1162 http fetch GET 200 https://registry.npmjs.org/write-file-atomic 26ms (cache miss)
1163 silly packumentCache full:https://registry.npmjs.org/write-file-atomic set size:undefined disposed:false
1164 silly fetch manifest tar@^6.1.11
1165 silly packumentCache full:https://registry.npmjs.org/tar cache-miss
1166 http fetch GET 200 https://registry.npmjs.org/tar 44ms (cache miss)
1167 silly packumentCache full:https://registry.npmjs.org/tar set size:undefined disposed:false
1168 silly fetch manifest ssri@^10.0.0
1169 silly packumentCache full:https://registry.npmjs.org/ssri cache-miss
1170 http cache https://registry.npmjs.org/ssri 2ms (cache hit)
1171 silly packumentCache full:https://registry.npmjs.org/ssri set size:130405 disposed:false
1172 silly fetch manifest p-map@^4.0.0
1173 silly packumentCache full:https://registry.npmjs.org/p-map cache-miss
1174 http fetch GET 200 https://registry.npmjs.org/p-map 27ms (cache miss)
1175 silly packumentCache full:https://registry.npmjs.org/p-map set size:undefined disposed:false
1176 silly fetch manifest minipass@^7.0.3
1177 silly packumentCache full:https://registry.npmjs.org/minipass cache-miss
1178 http fetch GET 200 https://registry.npmjs.org/minipass 32ms (cache miss)
1179 silly packumentCache full:https://registry.npmjs.org/minipass set size:undefined disposed:false
1180 silly fetch manifest lru-cache@^10.0.1
1181 silly packumentCache full:https://registry.npmjs.org/lru-cache cache-miss
1182 http cache https://registry.npmjs.org/lru-cache 2ms (cache hit)
1183 silly packumentCache full:https://registry.npmjs.org/lru-cache set size:400387 disposed:false
1184 silly fetch manifest fs-minipass@^3.0.0
1185 silly packumentCache full:https://registry.npmjs.org/fs-minipass cache-miss
1186 http fetch GET 200 https://registry.npmjs.org/fs-minipass 28ms (cache miss)
1187 silly packumentCache full:https://registry.npmjs.org/fs-minipass set size:undefined disposed:false
1188 silly fetch manifest minipass-flush@^1.0.5
1189 silly packumentCache full:https://registry.npmjs.org/minipass-flush cache-miss
1190 http fetch GET 200 https://registry.npmjs.org/minipass-flush 42ms (cache miss)
1191 silly packumentCache full:https://registry.npmjs.org/minipass-flush set size:undefined disposed:false
1192 silly fetch manifest unique-filename@^3.0.0
1193 silly packumentCache full:https://registry.npmjs.org/unique-filename cache-miss
1194 http fetch GET 200 https://registry.npmjs.org/unique-filename 22ms (cache miss)
1195 silly packumentCache full:https://registry.npmjs.org/unique-filename set size:undefined disposed:false
1196 silly fetch manifest minipass-collect@^2.0.1
1197 silly packumentCache full:https://registry.npmjs.org/minipass-collect cache-miss
1198 http fetch GET 200 https://registry.npmjs.org/minipass-collect 37ms (cache miss)
1199 silly packumentCache full:https://registry.npmjs.org/minipass-collect set size:undefined disposed:false
1200 silly fetch manifest minipass-pipeline@^1.2.4
1201 silly packumentCache full:https://registry.npmjs.org/minipass-pipeline cache-miss
1202 http fetch GET 200 https://registry.npmjs.org/minipass-pipeline 23ms (cache miss)
1203 silly packumentCache full:https://registry.npmjs.org/minipass-pipeline set size:undefined disposed:false
1204 silly fetch manifest brace-expansion@^2.0.1
1205 silly packumentCache full:https://registry.npmjs.org/brace-expansion cache-miss
1206 http fetch GET 200 https://registry.npmjs.org/brace-expansion 28ms (cache miss)
1207 silly packumentCache full:https://registry.npmjs.org/brace-expansion set size:undefined disposed:false
1208 silly fetch manifest abbrev@^2.0.0
1209 silly packumentCache full:https://registry.npmjs.org/abbrev cache-miss
1210 http fetch GET 200 https://registry.npmjs.org/abbrev 27ms (cache miss)
1211 silly packumentCache full:https://registry.npmjs.org/abbrev set size:undefined disposed:false
1212 silly fetch manifest semver@^7.1.1
1213 silly packumentCache full:https://registry.npmjs.org/semver cache-hit
1214 silly fetch manifest validate-npm-package-name@^5.0.0
1215 silly packumentCache full:https://registry.npmjs.org/validate-npm-package-name cache-miss
1216 http fetch GET 200 https://registry.npmjs.org/validate-npm-package-name 36ms (cache miss)
1217 silly packumentCache full:https://registry.npmjs.org/validate-npm-package-name set size:undefined disposed:false
1218 silly fetch manifest minipass@^7.0.2
1219 silly packumentCache full:https://registry.npmjs.org/minipass cache-miss
1220 http cache https://registry.npmjs.org/minipass 1ms (cache hit)
1221 silly packumentCache full:https://registry.npmjs.org/minipass set size:490195 disposed:false
1222 silly fetch manifest minizlib@^2.1.2
1223 silly packumentCache full:https://registry.npmjs.org/minizlib cache-miss
1224 http fetch GET 200 https://registry.npmjs.org/minizlib 30ms (cache miss)
1225 silly packumentCache full:https://registry.npmjs.org/minizlib set size:undefined disposed:false
1226 silly fetch manifest jsonparse@^1.3.1
1227 silly packumentCache full:https://registry.npmjs.org/jsonparse cache-miss
1228 http fetch GET 200 https://registry.npmjs.org/jsonparse 25ms (cache miss)
1229 silly packumentCache full:https://registry.npmjs.org/jsonparse set size:undefined disposed:false
1230 silly fetch manifest minipass-fetch@^3.0.0
1231 silly packumentCache full:https://registry.npmjs.org/minipass-fetch cache-miss
1232 http fetch GET 200 https://registry.npmjs.org/minipass-fetch 42ms (cache miss)
1233 silly packumentCache full:https://registry.npmjs.org/minipass-fetch set size:undefined disposed:false
1234 silly fetch manifest make-fetch-happen@^13.0.0
1235 silly packumentCache full:https://registry.npmjs.org/make-fetch-happen cache-miss
1236 http fetch GET 200 https://registry.npmjs.org/make-fetch-happen 27ms (cache miss)
1237 silly packumentCache full:https://registry.npmjs.org/make-fetch-happen set size:undefined disposed:false
1238 silly fetch manifest sigstore@^2.2.0
1239 silly packumentCache full:https://registry.npmjs.org/sigstore cache-miss
1240 http fetch GET 200 https://registry.npmjs.org/sigstore 49ms (cache miss)
1241 silly packumentCache full:https://registry.npmjs.org/sigstore set size:undefined disposed:false
1242 silly fetch manifest npm-packlist@^8.0.0
1243 silly packumentCache full:https://registry.npmjs.org/npm-packlist cache-miss
1244 http fetch GET 200 https://registry.npmjs.org/npm-packlist 27ms (cache miss)
1245 silly packumentCache full:https://registry.npmjs.org/npm-packlist set size:undefined disposed:false
1246 silly fetch manifest promise-retry@^2.0.1
1247 silly packumentCache full:https://registry.npmjs.org/promise-retry cache-miss
1248 http fetch GET 200 https://registry.npmjs.org/promise-retry 31ms (cache miss)
1249 silly packumentCache full:https://registry.npmjs.org/promise-retry set size:undefined disposed:false
1250 silly fetch manifest just-diff@^6.0.0
1251 silly packumentCache full:https://registry.npmjs.org/just-diff cache-miss
1252 http fetch GET 200 https://registry.npmjs.org/just-diff 27ms (cache miss)
1253 silly packumentCache full:https://registry.npmjs.org/just-diff set size:undefined disposed:false
1254 silly fetch manifest just-diff-apply@^5.2.0
1255 silly packumentCache full:https://registry.npmjs.org/just-diff-apply cache-miss
1256 http fetch GET 200 https://registry.npmjs.org/just-diff-apply 26ms (cache miss)
1257 silly packumentCache full:https://registry.npmjs.org/just-diff-apply set size:undefined disposed:false
1258 silly placeDep node_modules/@npmcli/fs semver@7.7.3 OK for: @npmcli/fs@3.1.1 want: ^7.3.5
1259 silly placeDep ROOT npm-bundled@3.0.1 OK for: @npmcli/installed-package-contents@2.1.0 want: ^3.0.0
1260 silly placeDep ROOT npm-normalize-package-bin@3.0.1 OK for: @npmcli/installed-package-contents@2.1.0 want: ^3.0.0
1261 silly placeDep ROOT glob@10.4.5 OK for: @npmcli/map-workspaces@3.0.6 want: ^10.2.2
1262 silly fetch manifest minipass@^7.1.2
1263 silly packumentCache full:https://registry.npmjs.org/minipass cache-hit
1264 silly fetch manifest jackspeak@^3.1.2
1265 silly packumentCache full:https://registry.npmjs.org/jackspeak cache-miss
1266 http fetch GET 200 https://registry.npmjs.org/jackspeak 29ms (cache miss)
1267 silly packumentCache full:https://registry.npmjs.org/jackspeak set size:undefined disposed:false
1268 silly fetch manifest path-scurry@^1.11.1
1269 silly packumentCache full:https://registry.npmjs.org/path-scurry cache-miss
1270 http fetch GET 200 https://registry.npmjs.org/path-scurry 30ms (cache miss)
1271 silly packumentCache full:https://registry.npmjs.org/path-scurry set size:undefined disposed:false
1272 silly fetch manifest foreground-child@^3.1.0
1273 silly packumentCache full:https://registry.npmjs.org/foreground-child cache-miss
1274 http fetch GET 200 https://registry.npmjs.org/foreground-child 23ms (cache miss)
1275 silly packumentCache full:https://registry.npmjs.org/foreground-child set size:undefined disposed:false
1276 silly fetch manifest package-json-from-dist@^1.0.0
1277 silly packumentCache full:https://registry.npmjs.org/package-json-from-dist cache-miss
1278 http fetch GET 200 https://registry.npmjs.org/package-json-from-dist 25ms (cache miss)
1279 silly packumentCache full:https://registry.npmjs.org/package-json-from-dist set size:undefined disposed:false
1280 silly placeDep node_modules/@npmcli/metavuln-calculator semver@7.7.3 OK for: @npmcli/metavuln-calculator@7.1.1 want: ^7.3.5
1281 silly placeDep ROOT @npmcli/git@5.0.8 OK for: @npmcli/package-json@5.2.1 want: ^5.0.0
1282 silly placeDep node_modules/@npmcli/package-json semver@7.7.3 OK for: @npmcli/package-json@5.2.1 want: ^7.5.3
1283 silly fetch manifest ini@^4.1.3
1284 silly packumentCache full:https://registry.npmjs.org/ini cache-miss
1285 http cache https://registry.npmjs.org/ini 2ms (cache hit)
1286 silly packumentCache full:https://registry.npmjs.org/ini set size:54653 disposed:false
1287 silly fetch manifest promise-inflight@^1.0.1
1288 silly packumentCache full:https://registry.npmjs.org/promise-inflight cache-miss
1289 http fetch GET 200 https://registry.npmjs.org/promise-inflight 30ms (cache miss)
1290 silly packumentCache full:https://registry.npmjs.org/promise-inflight set size:undefined disposed:false
1291 silly placeDep ROOT @npmcli/promise-spawn@7.0.2 OK for: @npmcli/git@5.0.8 want: ^7.0.0
1292 silly placeDep node_modules/@npmcli/git ini@4.1.3 OK for: @npmcli/git@5.0.8 want: ^4.1.3
1293 silly placeDep ROOT promise-inflight@1.0.1 OK for: @npmcli/git@5.0.8 want: ^1.0.1
1294 silly placeDep ROOT promise-retry@2.0.1 OK for: @npmcli/git@5.0.8 want: ^2.0.1
1295 silly placeDep node_modules/@npmcli/git semver@7.7.3 OK for: @npmcli/git@5.0.8 want: ^7.3.5
1296 silly placeDep ROOT which@4.0.0 OK for: @npmcli/git@5.0.8 want: ^4.0.0
1297 silly fetch manifest err-code@^2.0.2
1298 silly packumentCache full:https://registry.npmjs.org/err-code cache-miss
1299 http fetch GET 200 https://registry.npmjs.org/err-code 31ms (cache miss)
1300 silly packumentCache full:https://registry.npmjs.org/err-code set size:undefined disposed:false
1301 silly fetch manifest retry@^0.12.0
1302 silly packumentCache full:https://registry.npmjs.org/retry cache-miss
1303 http fetch GET 200 https://registry.npmjs.org/retry 23ms (cache miss)
1304 silly packumentCache full:https://registry.npmjs.org/retry set size:undefined disposed:false
1305 silly fetch manifest isexe@^3.1.1
1306 silly packumentCache full:https://registry.npmjs.org/isexe cache-miss
1307 http fetch GET 200 https://registry.npmjs.org/isexe 30ms (cache miss)
1308 silly packumentCache full:https://registry.npmjs.org/isexe set size:undefined disposed:false
1309 silly placeDep ROOT postcss-selector-parser@6.1.2 OK for: @npmcli/query@3.1.0 want: ^6.0.10
1310 silly fetch manifest cssesc@^3.0.0
1311 silly packumentCache full:https://registry.npmjs.org/cssesc cache-miss
1312 http fetch GET 200 https://registry.npmjs.org/cssesc 25ms (cache miss)
1313 silly packumentCache full:https://registry.npmjs.org/cssesc set size:undefined disposed:false
1314 silly fetch manifest util-deprecate@^1.0.2
1315 silly packumentCache full:https://registry.npmjs.org/util-deprecate cache-miss
1316 http fetch GET 200 https://registry.npmjs.org/util-deprecate 48ms (cache miss)
1317 silly packumentCache full:https://registry.npmjs.org/util-deprecate set size:undefined disposed:false
1318 silly placeDep ROOT node-gyp@10.3.1 OK for: @npmcli/run-script@8.1.0 want: ^10.0.0
1319 silly fetch manifest tar@^6.2.1
1320 silly packumentCache full:https://registry.npmjs.org/tar cache-miss
1321 http cache https://registry.npmjs.org/tar 2ms (cache hit)
1322 silly packumentCache full:https://registry.npmjs.org/tar set size:422015 disposed:false
1323 silly fetch manifest env-paths@^2.2.0
1324 silly packumentCache full:https://registry.npmjs.org/env-paths cache-miss
1325 http fetch GET 200 https://registry.npmjs.org/env-paths 25ms (cache miss)
1326 silly packumentCache full:https://registry.npmjs.org/env-paths set size:undefined disposed:false
1327 silly fetch manifest graceful-fs@^4.2.6
1328 silly packumentCache full:https://registry.npmjs.org/graceful-fs cache-miss
1329 http fetch GET 200 https://registry.npmjs.org/graceful-fs 26ms (cache miss)
1330 silly packumentCache full:https://registry.npmjs.org/graceful-fs set size:undefined disposed:false
1331 silly fetch manifest exponential-backoff@^3.1.1
1332 silly packumentCache full:https://registry.npmjs.org/exponential-backoff cache-miss
1333 http fetch GET 200 https://registry.npmjs.org/exponential-backoff 29ms (cache miss)
1334 silly packumentCache full:https://registry.npmjs.org/exponential-backoff set size:undefined disposed:false
1335 silly fetch manifest @opentelemetry/api@^1.0.0
1336 silly packumentCache full:https://registry.npmjs.org/@opentelemetry%2fapi cache-miss
1337 http cache https://registry.npmjs.org/@opentelemetry%2fapi 2ms (cache hit)
1338 silly packumentCache full:https://registry.npmjs.org/@opentelemetry%2fapi set size:455567 disposed:false
1339 silly placeDep ROOT @opentelemetry/core@1.30.1 OK for: @opentelemetry/exporter-zipkin@1.30.1 want: 1.30.1
1340 silly placeDep ROOT @opentelemetry/semantic-conventions@1.28.0 OK for: @opentelemetry/exporter-zipkin@1.30.1 want: 1.28.0
1341 silly placeDep ROOT @opentelemetry/api-logs@0.55.0 OK for: @opentelemetry/instrumentation@0.55.0 want: 0.55.0
1342 silly placeDep ROOT @types/shimmer@1.2.0 OK for: @opentelemetry/instrumentation@0.55.0 want: ^1.2.0
1343 silly placeDep ROOT import-in-the-middle@1.15.0 OK for: @opentelemetry/instrumentation@0.55.0 want: ^1.8.1
1344 silly placeDep ROOT require-in-the-middle@7.5.2 OK for: @opentelemetry/instrumentation@0.55.0 want: ^7.1.1
1345 silly placeDep node_modules/@opentelemetry/instrumentation semver@7.7.3 OK for: @opentelemetry/instrumentation@0.55.0 want: ^7.5.2
1346 silly placeDep ROOT shimmer@1.2.1 OK for: @opentelemetry/instrumentation@0.55.0 want: ^1.2.1
1347 silly fetch manifest acorn@^8.14.0
1348 silly packumentCache full:https://registry.npmjs.org/acorn cache-miss
1349 http fetch GET 200 https://registry.npmjs.org/acorn 48ms (cache miss)
1350 silly packumentCache full:https://registry.npmjs.org/acorn set size:undefined disposed:false
1351 silly fetch manifest acorn-import-attributes@^1.9.5
1352 silly packumentCache full:https://registry.npmjs.org/acorn-import-attributes cache-miss
1353 http fetch GET 200 https://registry.npmjs.org/acorn-import-attributes 22ms (cache miss)
1354 silly packumentCache full:https://registry.npmjs.org/acorn-import-attributes set size:undefined disposed:false
1355 silly fetch manifest cjs-module-lexer@^1.2.2
1356 silly packumentCache full:https://registry.npmjs.org/cjs-module-lexer cache-miss
1357 http fetch GET 200 https://registry.npmjs.org/cjs-module-lexer 27ms (cache miss)
1358 silly packumentCache full:https://registry.npmjs.org/cjs-module-lexer set size:undefined disposed:false
1359 silly fetch manifest module-details-from-path@^1.0.3
1360 silly packumentCache full:https://registry.npmjs.org/module-details-from-path cache-miss
1361 http fetch GET 200 https://registry.npmjs.org/module-details-from-path 33ms (cache miss)
1362 silly packumentCache full:https://registry.npmjs.org/module-details-from-path set size:undefined disposed:false
1363 silly fetch manifest debug@^4.3.5
1364 silly packumentCache full:https://registry.npmjs.org/debug cache-miss
1365 http fetch GET 200 https://registry.npmjs.org/debug 26ms (cache miss)
1366 silly packumentCache full:https://registry.npmjs.org/debug set size:undefined disposed:false
1367 silly fetch manifest resolve@^1.22.8
1368 silly packumentCache full:https://registry.npmjs.org/resolve cache-miss
1369 http fetch GET 200 https://registry.npmjs.org/resolve 29ms (cache miss)
1370 silly packumentCache full:https://registry.npmjs.org/resolve set size:undefined disposed:false
1371 silly placeDep node_modules/@opentelemetry/instrumentation-grpc @opentelemetry/semantic-conventions@1.27.0 OK for: @opentelemetry/instrumentation-grpc@0.55.0 want: 1.27.0
1372 silly fetch manifest @opentelemetry/api@>=1.0.0 <1.10.0
1373 silly packumentCache full:https://registry.npmjs.org/@opentelemetry%2fapi cache-hit
1374 silly placeDep ROOT @opentelemetry/context-async-hooks@1.30.1 OK for: @opentelemetry/sdk-trace-node@1.30.1 want: 1.30.1
1375 silly placeDep ROOT @opentelemetry/propagator-b3@1.30.1 OK for: @opentelemetry/sdk-trace-node@1.30.1 want: 1.30.1
1376 silly placeDep ROOT @opentelemetry/propagator-jaeger@1.30.1 OK for: @opentelemetry/sdk-trace-node@1.30.1 want: 1.30.1
1377 silly placeDep node_modules/@opentelemetry/sdk-trace-node semver@7.7.3 OK for: @opentelemetry/sdk-trace-node@1.30.1 want: ^7.5.2
1378 silly placeDep ROOT @smithy/querystring-builder@4.2.2 OK for: @smithy/fetch-http-handler@5.3.3 want: ^4.2.2
1379 silly placeDep ROOT @smithy/util-buffer-from@4.2.0 OK for: @smithy/hash-node@4.2.2 want: ^4.2.0
1380 silly placeDep ROOT @smithy/service-error-classification@4.2.2 OK for: @smithy/middleware-retry@4.4.3 want: ^4.2.2
1381 silly placeDep ROOT @smithy/abort-controller@4.2.2 OK for: @smithy/node-http-handler@4.4.1 want: ^4.2.2
1382 silly placeDep ROOT @smithy/util-uri-escape@4.2.0 OK for: @smithy/querystring-builder@4.2.2 want: ^4.2.0
1383 silly placeDep ROOT @smithy/is-array-buffer@4.2.0 OK for: @smithy/signature-v4@5.3.2 want: ^4.2.0
1384 silly placeDep ROOT @smithy/util-hex-encoding@4.2.0 OK for: @smithy/signature-v4@5.3.2 want: ^4.2.0
1385 silly placeDep ROOT @smithy/querystring-parser@4.2.2 OK for: @smithy/url-parser@4.2.2 want: ^4.2.2
1386 silly placeDep ROOT undici-types@5.26.5 OK for: @types/node@18.19.130 want: ~5.26.4
1387 silly placeDep ROOT cmd-shim@6.0.3 OK for: bin-links@4.0.4 want: ^6.0.0
1388 silly placeDep ROOT read-cmd-shim@4.0.0 OK for: bin-links@4.0.4 want: ^4.0.0
1389 silly placeDep ROOT write-file-atomic@5.0.1 OK for: bin-links@4.0.4 want: ^5.0.0
1390 silly fetch manifest imurmurhash@^0.1.4
1391 silly packumentCache full:https://registry.npmjs.org/imurmurhash cache-miss
1392 http fetch GET 200 https://registry.npmjs.org/imurmurhash 23ms (cache miss)
1393 silly packumentCache full:https://registry.npmjs.org/imurmurhash set size:undefined disposed:false
1394 silly fetch manifest signal-exit@^4.0.1
1395 silly packumentCache full:https://registry.npmjs.org/signal-exit cache-miss
1396 http cache https://registry.npmjs.org/signal-exit 1ms (cache hit)
1397 silly packumentCache full:https://registry.npmjs.org/signal-exit set size:53489 disposed:false
1398 silly placeDep ROOT fs-minipass@3.0.3 OK for: cacache@18.0.4 want: ^3.0.0
1399 silly placeDep ROOT minipass@7.1.2 OK for: cacache@18.0.4 want: ^7.0.3
1400 silly placeDep ROOT minipass-collect@2.0.1 OK for: cacache@18.0.4 want: ^2.0.1
1401 silly placeDep ROOT minipass-flush@1.0.5 OK for: cacache@18.0.4 want: ^1.0.5
1402 silly placeDep ROOT minipass-pipeline@1.2.4 OK for: cacache@18.0.4 want: ^1.2.4
1403 silly placeDep ROOT p-map@4.0.0 OK for: cacache@18.0.4 want: ^4.0.0
1404 silly placeDep ROOT tar@6.2.1 OK for: cacache@18.0.4 want: ^6.1.11
1405 silly placeDep ROOT unique-filename@3.0.0 OK for: cacache@18.0.4 want: ^3.0.0
1406 silly fetch manifest minipass@^3.0.0
1407 silly packumentCache full:https://registry.npmjs.org/minipass cache-hit
1408 silly fetch manifest aggregate-error@^3.0.0
1409 silly packumentCache full:https://registry.npmjs.org/aggregate-error cache-miss
1410 http fetch GET 200 https://registry.npmjs.org/aggregate-error 49ms (cache miss)
1411 silly packumentCache full:https://registry.npmjs.org/aggregate-error set size:undefined disposed:false
1412 silly fetch manifest chownr@^2.0.0
1413 silly packumentCache full:https://registry.npmjs.org/chownr cache-miss
1414 http fetch GET 200 https://registry.npmjs.org/chownr 27ms (cache miss)
1415 silly packumentCache full:https://registry.npmjs.org/chownr set size:undefined disposed:false
1416 silly fetch manifest mkdirp@^1.0.3
1417 silly packumentCache full:https://registry.npmjs.org/mkdirp cache-miss
1418 http fetch GET 200 https://registry.npmjs.org/mkdirp 26ms (cache miss)
1419 silly packumentCache full:https://registry.npmjs.org/mkdirp set size:undefined disposed:false
1420 silly fetch manifest yallist@^4.0.0
1421 silly packumentCache full:https://registry.npmjs.org/yallist cache-miss
1422 http fetch GET 200 https://registry.npmjs.org/yallist 25ms (cache miss)
1423 silly packumentCache full:https://registry.npmjs.org/yallist set size:undefined disposed:false
1424 silly fetch manifest minipass@^5.0.0
1425 silly packumentCache full:https://registry.npmjs.org/minipass cache-hit
1426 silly fetch manifest minizlib@^2.1.1
1427 silly packumentCache full:https://registry.npmjs.org/minizlib cache-miss
1428 http cache https://registry.npmjs.org/minizlib 2ms (cache hit)
1429 silly packumentCache full:https://registry.npmjs.org/minizlib set size:62862 disposed:false
1430 silly fetch manifest fs-minipass@^2.0.0
1431 silly packumentCache full:https://registry.npmjs.org/fs-minipass cache-miss
1432 http cache https://registry.npmjs.org/fs-minipass 1ms (cache hit)
1433 silly packumentCache full:https://registry.npmjs.org/fs-minipass set size:44606 disposed:false
1434 silly fetch manifest unique-slug@^4.0.0
1435 silly packumentCache full:https://registry.npmjs.org/unique-slug cache-miss
1436 http fetch GET 200 https://registry.npmjs.org/unique-slug 29ms (cache miss)
1437 silly packumentCache full:https://registry.npmjs.org/unique-slug set size:undefined disposed:false
1438 silly placeDep ROOT cross-spawn@7.0.6 OK for: execa@5.1.1 want: ^7.0.3
1439 silly placeDep ROOT get-stream@6.0.1 OK for: execa@5.1.1 want: ^6.0.0
1440 silly placeDep ROOT human-signals@2.1.0 OK for: execa@5.1.1 want: ^2.1.0
1441 silly placeDep ROOT is-stream@2.0.1 OK for: execa@5.1.1 want: ^2.0.0
1442 silly placeDep ROOT merge-stream@2.0.0 OK for: execa@5.1.1 want: ^2.0.0
1443 silly placeDep ROOT npm-run-path@4.0.1 OK for: execa@5.1.1 want: ^4.0.1
1444 silly placeDep ROOT onetime@5.1.2 OK for: execa@5.1.1 want: ^5.1.2
1445 silly placeDep ROOT signal-exit@3.0.7 OK for: execa@5.1.1 want: ^3.0.3
1446 silly placeDep ROOT strip-final-newline@2.0.0 OK for: execa@5.1.1 want: ^2.0.0
1447 silly fetch manifest which@^2.0.1
1448 silly packumentCache full:https://registry.npmjs.org/which cache-miss
1449 http cache https://registry.npmjs.org/which 2ms (cache hit)
1450 silly packumentCache full:https://registry.npmjs.org/which set size:62722 disposed:false
1451 silly fetch manifest path-key@^3.1.0
1452 silly packumentCache full:https://registry.npmjs.org/path-key cache-miss
1453 http fetch GET 200 https://registry.npmjs.org/path-key 28ms (cache miss)
1454 silly packumentCache full:https://registry.npmjs.org/path-key set size:undefined disposed:false
1455 silly fetch manifest shebang-command@^2.0.0
1456 silly packumentCache full:https://registry.npmjs.org/shebang-command cache-miss
1457 http fetch GET 200 https://registry.npmjs.org/shebang-command 29ms (cache miss)
1458 silly packumentCache full:https://registry.npmjs.org/shebang-command set size:undefined disposed:false
1459 silly fetch manifest path-key@^3.0.0
1460 silly packumentCache full:https://registry.npmjs.org/path-key cache-miss
1461 http cache https://registry.npmjs.org/path-key 1ms (cache hit)
1462 silly packumentCache full:https://registry.npmjs.org/path-key set size:16975 disposed:false
1463 silly fetch manifest mimic-fn@^2.1.0
1464 silly packumentCache full:https://registry.npmjs.org/mimic-fn cache-miss
1465 http fetch GET 200 https://registry.npmjs.org/mimic-fn 27ms (cache miss)
1466 silly packumentCache full:https://registry.npmjs.org/mimic-fn set size:undefined disposed:false
1467 silly placeDep ROOT path-key@3.1.1 OK for: cross-spawn@7.0.6 want: ^3.1.0
1468 silly placeDep ROOT shebang-command@2.0.0 OK for: cross-spawn@7.0.6 want: ^2.0.0
1469 silly placeDep node_modules/cross-spawn which@2.0.2 OK for: cross-spawn@7.0.6 want: ^2.0.1
1470 silly fetch manifest shebang-regex@^3.0.0
1471 silly packumentCache full:https://registry.npmjs.org/shebang-regex cache-miss
1472 http fetch GET 200 https://registry.npmjs.org/shebang-regex 28ms (cache miss)
1473 silly packumentCache full:https://registry.npmjs.org/shebang-regex set size:undefined disposed:false
1474 silly fetch manifest isexe@^2.0.0
1475 silly packumentCache full:https://registry.npmjs.org/isexe cache-miss
1476 http cache https://registry.npmjs.org/isexe 3ms (cache hit)
1477 silly packumentCache full:https://registry.npmjs.org/isexe set size:19340 disposed:false
1478 silly placeDep ROOT strnum@2.1.1 OK for: fast-xml-parser@5.2.5 want: ^2.1.0
1479 silly placeDep ROOT foreground-child@3.3.1 OK for: glob@10.4.5 want: ^3.1.0
1480 silly placeDep ROOT jackspeak@3.4.3 OK for: glob@10.4.5 want: ^3.1.2
1481 silly placeDep ROOT package-json-from-dist@1.0.1 OK for: glob@10.4.5 want: ^1.0.0
1482 silly placeDep ROOT path-scurry@1.11.1 OK for: glob@10.4.5 want: ^1.11.1
1483 silly fetch manifest @isaacs/cliui@^8.0.2
1484 silly packumentCache full:https://registry.npmjs.org/@isaacs%2fcliui cache-miss
1485 http fetch GET 200 https://registry.npmjs.org/@isaacs%2fcliui 39ms (cache miss)
1486 silly packumentCache full:https://registry.npmjs.org/@isaacs%2fcliui set size:undefined disposed:false
1487 silly fetch manifest @pkgjs/parseargs@^0.11.0
1488 silly packumentCache full:https://registry.npmjs.org/@pkgjs%2fparseargs cache-miss
1489 http fetch GET 200 https://registry.npmjs.org/@pkgjs%2fparseargs 45ms (cache miss)
1490 silly packumentCache full:https://registry.npmjs.org/@pkgjs%2fparseargs set size:undefined disposed:false
1491 silly placeDep node_modules/foreground-child signal-exit@4.1.0 OK for: foreground-child@3.3.1 want: ^4.0.1
1492 silly placeDep ROOT @sindresorhus/is@4.6.0 OK for: got@11.8.6 want: ^4.0.0
1493 silly placeDep ROOT @szmarczak/http-timer@4.0.6 OK for: got@11.8.6 want: ^4.0.5
1494 silly placeDep ROOT @types/cacheable-request@6.0.3 OK for: got@11.8.6 want: ^6.0.1
1495 silly placeDep ROOT @types/responselike@1.0.3 OK for: got@11.8.6 want: ^1.0.0
1496 silly placeDep ROOT cacheable-lookup@5.0.4 OK for: got@11.8.6 want: ^5.0.3
1497 silly placeDep ROOT cacheable-request@7.0.4 OK for: got@11.8.6 want: ^7.0.2
1498 silly placeDep ROOT decompress-response@6.0.0 OK for: got@11.8.6 want: ^6.0.0
1499 silly placeDep ROOT http2-wrapper@1.0.3 OK for: got@11.8.6 want: ^1.0.0-beta.5.2
1500 silly placeDep ROOT lowercase-keys@2.0.0 OK for: got@11.8.6 want: ^2.0.0
1501 silly placeDep ROOT p-cancelable@2.1.1 OK for: got@11.8.6 want: ^2.0.0
1502 silly placeDep ROOT responselike@2.0.1 OK for: got@11.8.6 want: ^2.0.0
1503 silly fetch manifest defer-to-connect@^2.0.0
1504 silly packumentCache full:https://registry.npmjs.org/defer-to-connect cache-miss
1505 http fetch GET 200 https://registry.npmjs.org/defer-to-connect 28ms (cache miss)
1506 silly packumentCache full:https://registry.npmjs.org/defer-to-connect set size:undefined disposed:false
1507 silly fetch manifest @types/keyv@^3.1.4
1508 silly packumentCache full:https://registry.npmjs.org/@types%2fkeyv cache-miss
1509 http fetch GET 200 https://registry.npmjs.org/@types%2fkeyv 50ms (cache miss)
1510 silly packumentCache full:https://registry.npmjs.org/@types%2fkeyv set size:undefined disposed:false
1511 silly fetch manifest @types/http-cache-semantics@*
1512 silly packumentCache full:https://registry.npmjs.org/@types%2fhttp-cache-semantics cache-miss
1513 http fetch GET 200 https://registry.npmjs.org/@types%2fhttp-cache-semantics 58ms (cache miss)
1514 silly packumentCache full:https://registry.npmjs.org/@types%2fhttp-cache-semantics set size:undefined disposed:false
1515 silly fetch manifest keyv@^4.0.0
1516 silly packumentCache full:https://registry.npmjs.org/keyv cache-miss
1517 http fetch GET 200 https://registry.npmjs.org/keyv 39ms (cache miss)
1518 silly packumentCache full:https://registry.npmjs.org/keyv set size:undefined disposed:false
1519 silly fetch manifest get-stream@^5.1.0
1520 silly packumentCache full:https://registry.npmjs.org/get-stream cache-miss
1521 http cache https://registry.npmjs.org/get-stream 4ms (cache hit)
1522 silly packumentCache full:https://registry.npmjs.org/get-stream set size:57536 disposed:false
1523 silly fetch manifest normalize-url@^6.0.1
1524 silly packumentCache full:https://registry.npmjs.org/normalize-url cache-miss
1525 http fetch GET 200 https://registry.npmjs.org/normalize-url 32ms (cache miss)
1526 silly packumentCache full:https://registry.npmjs.org/normalize-url set size:undefined disposed:false
1527 silly fetch manifest clone-response@^1.0.2
1528 silly packumentCache full:https://registry.npmjs.org/clone-response cache-miss
1529 http fetch GET 200 https://registry.npmjs.org/clone-response 33ms (cache miss)
1530 silly packumentCache full:https://registry.npmjs.org/clone-response set size:undefined disposed:false
1531 silly fetch manifest http-cache-semantics@^4.0.0
1532 silly packumentCache full:https://registry.npmjs.org/http-cache-semantics cache-miss
1533 http fetch GET 200 https://registry.npmjs.org/http-cache-semantics 30ms (cache miss)
1534 silly packumentCache full:https://registry.npmjs.org/http-cache-semantics set size:undefined disposed:false
1535 silly fetch manifest mimic-response@^3.1.0
1536 silly packumentCache full:https://registry.npmjs.org/mimic-response cache-miss
1537 http fetch GET 200 https://registry.npmjs.org/mimic-response 28ms (cache miss)
1538 silly packumentCache full:https://registry.npmjs.org/mimic-response set size:undefined disposed:false
1539 silly fetch manifest quick-lru@^5.1.1
1540 silly packumentCache full:https://registry.npmjs.org/quick-lru cache-miss
1541 http fetch GET 200 https://registry.npmjs.org/quick-lru 26ms (cache miss)
1542 silly packumentCache full:https://registry.npmjs.org/quick-lru set size:undefined disposed:false
1543 silly fetch manifest resolve-alpn@^1.0.0
1544 silly packumentCache full:https://registry.npmjs.org/resolve-alpn cache-miss
1545 http fetch GET 200 https://registry.npmjs.org/resolve-alpn 30ms (cache miss)
1546 silly packumentCache full:https://registry.npmjs.org/resolve-alpn set size:undefined disposed:false
1547 silly placeDep ROOT defer-to-connect@2.0.1 OK for: @szmarczak/http-timer@4.0.6 want: ^2.0.0
1548 silly placeDep ROOT @types/http-cache-semantics@4.0.4 OK for: @types/cacheable-request@6.0.3 want: *
1549 silly placeDep ROOT @types/keyv@3.1.4 OK for: @types/cacheable-request@6.0.3 want: ^3.1.4
1550 silly placeDep ROOT clone-response@1.0.3 OK for: cacheable-request@7.0.4 want: ^1.0.2
1551 silly placeDep node_modules/cacheable-request get-stream@5.2.0 OK for: cacheable-request@7.0.4 want: ^5.1.0
1552 silly placeDep ROOT http-cache-semantics@4.2.0 OK for: cacheable-request@7.0.4 want: ^4.0.0
1553 silly placeDep ROOT keyv@4.5.4 OK for: cacheable-request@7.0.4 want: ^4.0.0
1554 silly placeDep ROOT normalize-url@6.1.0 OK for: cacheable-request@7.0.4 want: ^6.0.1
1555 silly fetch manifest mimic-response@^1.0.0
1556 silly packumentCache full:https://registry.npmjs.org/mimic-response cache-miss
1557 http cache https://registry.npmjs.org/mimic-response 2ms (cache hit)
1558 silly packumentCache full:https://registry.npmjs.org/mimic-response set size:20174 disposed:false
1559 silly fetch manifest pump@^3.0.0
1560 silly packumentCache full:https://registry.npmjs.org/pump cache-miss
1561 http fetch GET 200 https://registry.npmjs.org/pump 35ms (cache miss)
1562 silly packumentCache full:https://registry.npmjs.org/pump set size:undefined disposed:false
1563 silly fetch manifest json-buffer@3.0.1
1564 silly packumentCache full:https://registry.npmjs.org/json-buffer cache-miss
1565 http fetch GET 200 https://registry.npmjs.org/json-buffer 25ms (cache miss)
1566 silly packumentCache full:https://registry.npmjs.org/json-buffer set size:undefined disposed:false
1567 silly placeDep ROOT mimic-response@1.0.1 OK for: clone-response@1.0.3 want: ^1.0.0
1568 silly placeDep node_modules/decompress-response mimic-response@3.1.0 OK for: decompress-response@6.0.0 want: ^3.1.0
1569 silly placeDep ROOT quick-lru@5.1.1 OK for: http2-wrapper@1.0.3 want: ^5.1.1
1570 silly placeDep ROOT resolve-alpn@1.2.1 OK for: http2-wrapper@1.0.3 want: ^1.0.0
1571 silly placeDep ROOT acorn@8.15.0 OK for: import-in-the-middle@1.15.0 want: ^8.14.0
1572 silly placeDep ROOT acorn-import-attributes@1.9.5 OK for: import-in-the-middle@1.15.0 want: ^1.9.5
1573 silly placeDep ROOT cjs-module-lexer@1.4.3 OK for: import-in-the-middle@1.15.0 want: ^1.2.2
1574 silly placeDep ROOT module-details-from-path@1.0.4 OK for: import-in-the-middle@1.15.0 want: ^1.0.3
1575 silly placeDep ROOT @isaacs/cliui@8.0.2 OK for: jackspeak@3.4.3 want: ^8.0.2
1576 silly placeDep ROOT @pkgjs/parseargs@0.11.0 OK for: jackspeak@3.4.3 want: ^0.11.0
1577 silly fetch manifest string-width@^5.1.2
1578 silly packumentCache full:https://registry.npmjs.org/string-width cache-miss
1579 http cache https://registry.npmjs.org/string-width 1ms (cache hit)
1580 silly packumentCache full:https://registry.npmjs.org/string-width set size:64158 disposed:false
1581 silly fetch manifest string-width-cjs@npm:string-width@^4.2.0
1582 silly packumentCache full:https://registry.npmjs.org/string-width cache-hit
1583 silly fetch manifest strip-ansi@^7.0.1
1584 silly packumentCache full:https://registry.npmjs.org/strip-ansi cache-miss
1585 http fetch GET 200 https://registry.npmjs.org/strip-ansi 41ms (cache miss)
1586 silly packumentCache full:https://registry.npmjs.org/strip-ansi set size:undefined disposed:false
1587 silly fetch manifest strip-ansi-cjs@npm:strip-ansi@^6.0.1
1588 silly packumentCache full:https://registry.npmjs.org/strip-ansi cache-miss
1589 http cache https://registry.npmjs.org/strip-ansi 1ms (cache hit)
1590 silly packumentCache full:https://registry.npmjs.org/strip-ansi set size:41855 disposed:false
1591 silly fetch manifest wrap-ansi@^8.1.0
1592 silly packumentCache full:https://registry.npmjs.org/wrap-ansi cache-miss
1593 http fetch GET 200 https://registry.npmjs.org/wrap-ansi 38ms (cache miss)
1594 silly packumentCache full:https://registry.npmjs.org/wrap-ansi set size:undefined disposed:false
1595 silly fetch manifest wrap-ansi-cjs@npm:wrap-ansi@^7.0.0
1596 silly packumentCache full:https://registry.npmjs.org/wrap-ansi cache-miss
1597 http cache https://registry.npmjs.org/wrap-ansi 2ms (cache hit)
1598 silly packumentCache full:https://registry.npmjs.org/wrap-ansi set size:51195 disposed:false
1599 silly placeDep ROOT string-width@5.1.2 OK for: @isaacs/cliui@8.0.2 want: ^5.1.2
1600 silly placeDep ROOT string-width-cjs@4.2.3 OK for: @isaacs/cliui@8.0.2 want: npm:string-width@^4.2.0
1601 silly placeDep ROOT strip-ansi@7.1.2 OK for: @isaacs/cliui@8.0.2 want: ^7.0.1
1602 silly placeDep ROOT strip-ansi-cjs@6.0.1 OK for: @isaacs/cliui@8.0.2 want: npm:strip-ansi@^6.0.1
1603 silly placeDep ROOT wrap-ansi@8.1.0 OK for: @isaacs/cliui@8.0.2 want: ^8.1.0
1604 silly placeDep ROOT wrap-ansi-cjs@7.0.0 OK for: @isaacs/cliui@8.0.2 want: npm:wrap-ansi@^7.0.0
1605 silly fetch manifest emoji-regex@^9.2.2
1606 silly packumentCache full:https://registry.npmjs.org/emoji-regex cache-miss
1607 http fetch GET 200 https://registry.npmjs.org/emoji-regex 34ms (cache miss)
1608 silly packumentCache full:https://registry.npmjs.org/emoji-regex set size:undefined disposed:false
1609 silly fetch manifest eastasianwidth@^0.2.0
1610 silly packumentCache full:https://registry.npmjs.org/eastasianwidth cache-miss
1611 http fetch GET 200 https://registry.npmjs.org/eastasianwidth 26ms (cache miss)
1612 silly packumentCache full:https://registry.npmjs.org/eastasianwidth set size:undefined disposed:false
1613 silly fetch manifest strip-ansi@^6.0.1
1614 silly packumentCache full:https://registry.npmjs.org/strip-ansi cache-hit
1615 silly fetch manifest emoji-regex@^8.0.0
1616 silly packumentCache full:https://registry.npmjs.org/emoji-regex cache-miss
1617 http cache https://registry.npmjs.org/emoji-regex 1ms (cache hit)
1618 silly packumentCache full:https://registry.npmjs.org/emoji-regex set size:89088 disposed:false
1619 silly fetch manifest is-fullwidth-code-point@^3.0.0
1620 silly packumentCache full:https://registry.npmjs.org/is-fullwidth-code-point cache-miss
1621 http fetch GET 200 https://registry.npmjs.org/is-fullwidth-code-point 24ms (cache miss)
1622 silly packumentCache full:https://registry.npmjs.org/is-fullwidth-code-point set size:undefined disposed:false
1623 silly fetch manifest ansi-regex@^6.0.1
1624 silly packumentCache full:https://registry.npmjs.org/ansi-regex cache-miss
1625 http fetch GET 200 https://registry.npmjs.org/ansi-regex 31ms (cache miss)
1626 silly packumentCache full:https://registry.npmjs.org/ansi-regex set size:undefined disposed:false
1627 silly fetch manifest ansi-regex@^5.0.1
1628 silly packumentCache full:https://registry.npmjs.org/ansi-regex cache-miss
1629 http cache https://registry.npmjs.org/ansi-regex 1ms (cache hit)
1630 silly packumentCache full:https://registry.npmjs.org/ansi-regex set size:43572 disposed:false
1631 silly fetch manifest ansi-styles@^6.1.0
1632 silly packumentCache full:https://registry.npmjs.org/ansi-styles cache-miss
1633 http fetch GET 200 https://registry.npmjs.org/ansi-styles 32ms (cache miss)
1634 silly packumentCache full:https://registry.npmjs.org/ansi-styles set size:undefined disposed:false
1635 silly fetch manifest strip-ansi@^6.0.0
1636 silly packumentCache full:https://registry.npmjs.org/strip-ansi cache-hit
1637 silly fetch manifest ansi-styles@^4.0.0
1638 silly packumentCache full:https://registry.npmjs.org/ansi-styles cache-miss
1639 http cache https://registry.npmjs.org/ansi-styles 1ms (cache hit)
1640 silly packumentCache full:https://registry.npmjs.org/ansi-styles set size:63233 disposed:false
1641 silly fetch manifest string-width@^4.1.0
1642 silly packumentCache full:https://registry.npmjs.org/string-width cache-hit
1643 silly placeDep ROOT argparse@1.0.10 OK for: js-yaml@3.14.1 want: ^1.0.7
1644 silly placeDep ROOT esprima@4.0.1 OK for: js-yaml@3.14.1 want: ^4.0.0
1645 silly fetch manifest sprintf-js@~1.0.2
1646 silly packumentCache full:https://registry.npmjs.org/sprintf-js cache-miss
1647 http fetch GET 200 https://registry.npmjs.org/sprintf-js 28ms (cache miss)
1648 silly packumentCache full:https://registry.npmjs.org/sprintf-js set size:undefined disposed:false
1649 silly placeDep ROOT sprintf-js@1.0.3 OK for: argparse@1.0.10 want: ~1.0.2
1650 silly placeDep ROOT json-buffer@3.0.1 OK for: keyv@4.5.4 want: 3.0.1
1651 silly placeDep ROOT brace-expansion@2.0.2 OK for: minimatch@9.0.5 want: ^2.0.1
1652 silly fetch manifest balanced-match@^1.0.0
1653 silly packumentCache full:https://registry.npmjs.org/balanced-match cache-miss
1654 http fetch GET 200 https://registry.npmjs.org/balanced-match 27ms (cache miss)
1655 silly packumentCache full:https://registry.npmjs.org/balanced-match set size:undefined disposed:false
1656 silly placeDep ROOT balanced-match@1.0.2 OK for: brace-expansion@2.0.2 want: ^1.0.0
1657 silly placeDep node_modules/minipass-flush minipass@3.3.6 OK for: minipass-flush@1.0.5 want: ^3.0.0
1658 silly placeDep node_modules/minipass-pipeline minipass@3.3.6 OK for: minipass-pipeline@1.2.4 want: ^3.0.0
1659 silly placeDep ROOT env-paths@2.2.1 OK for: node-gyp@10.3.1 want: ^2.2.0
1660 silly placeDep ROOT exponential-backoff@3.1.3 OK for: node-gyp@10.3.1 want: ^3.1.1
1661 silly placeDep ROOT graceful-fs@4.2.11 OK for: node-gyp@10.3.1 want: ^4.2.6
1662 silly placeDep ROOT make-fetch-happen@13.0.1 OK for: node-gyp@10.3.1 want: ^13.0.0
1663 silly placeDep node_modules/node-gyp semver@7.7.3 OK for: node-gyp@10.3.1 want: ^7.3.5
1664 silly fetch manifest is-lambda@^1.0.1
1665 silly packumentCache full:https://registry.npmjs.org/is-lambda cache-miss
1666 http fetch GET 200 https://registry.npmjs.org/is-lambda 37ms (cache miss)
1667 silly packumentCache full:https://registry.npmjs.org/is-lambda set size:undefined disposed:false
1668 silly fetch manifest negotiator@^0.6.3
1669 silly packumentCache full:https://registry.npmjs.org/negotiator cache-miss
1670 http fetch GET 200 https://registry.npmjs.org/negotiator 27ms (cache miss)
1671 silly packumentCache full:https://registry.npmjs.org/negotiator set size:undefined disposed:false
1672 silly fetch manifest @npmcli/agent@^2.0.0
1673 silly packumentCache full:https://registry.npmjs.org/@npmcli%2fagent cache-miss
1674 http fetch GET 200 https://registry.npmjs.org/@npmcli%2fagent 41ms (cache miss)
1675 silly packumentCache full:https://registry.npmjs.org/@npmcli%2fagent set size:undefined disposed:false
1676 silly placeDep ROOT @npmcli/agent@2.2.2 OK for: make-fetch-happen@13.0.1 want: ^2.0.0
1677 silly placeDep ROOT is-lambda@1.0.1 OK for: make-fetch-happen@13.0.1 want: ^1.0.1
1678 silly placeDep ROOT minipass-fetch@3.0.5 OK for: make-fetch-happen@13.0.1 want: ^3.0.0
1679 silly placeDep ROOT negotiator@0.6.4 OK for: make-fetch-happen@13.0.1 want: ^0.6.3
1680 silly fetch manifest agent-base@^7.1.0
1681 silly packumentCache full:https://registry.npmjs.org/agent-base cache-miss
1682 http fetch GET 200 https://registry.npmjs.org/agent-base 26ms (cache miss)
1683 silly packumentCache full:https://registry.npmjs.org/agent-base set size:undefined disposed:false
1684 silly fetch manifest http-proxy-agent@^7.0.0
1685 silly packumentCache full:https://registry.npmjs.org/http-proxy-agent cache-miss
1686 http fetch GET 200 https://registry.npmjs.org/http-proxy-agent 40ms (cache miss)
1687 silly packumentCache full:https://registry.npmjs.org/http-proxy-agent set size:undefined disposed:false
1688 silly fetch manifest https-proxy-agent@^7.0.1
1689 silly packumentCache full:https://registry.npmjs.org/https-proxy-agent cache-miss
1690 http fetch GET 200 https://registry.npmjs.org/https-proxy-agent 26ms (cache miss)
1691 silly packumentCache full:https://registry.npmjs.org/https-proxy-agent set size:undefined disposed:false
1692 silly fetch manifest socks-proxy-agent@^8.0.3
1693 silly packumentCache full:https://registry.npmjs.org/socks-proxy-agent cache-miss
1694 http fetch GET 200 https://registry.npmjs.org/socks-proxy-agent 27ms (cache miss)
1695 silly packumentCache full:https://registry.npmjs.org/socks-proxy-agent set size:undefined disposed:false
1696 silly fetch manifest minipass-sized@^1.0.3
1697 silly packumentCache full:https://registry.npmjs.org/minipass-sized cache-miss
1698 http fetch GET 200 https://registry.npmjs.org/minipass-sized 34ms (cache miss)
1699 silly packumentCache full:https://registry.npmjs.org/minipass-sized set size:undefined disposed:false
1700 silly fetch manifest encoding@^0.1.13
1701 silly packumentCache full:https://registry.npmjs.org/encoding cache-miss
1702 http fetch GET 200 https://registry.npmjs.org/encoding 30ms (cache miss)
1703 silly packumentCache full:https://registry.npmjs.org/encoding set size:undefined disposed:false
1704 silly placeDep ROOT agent-base@7.1.4 OK for: @npmcli/agent@2.2.2 want: ^7.1.0
1705 silly placeDep ROOT http-proxy-agent@7.0.2 OK for: @npmcli/agent@2.2.2 want: ^7.0.0
1706 silly placeDep ROOT https-proxy-agent@7.0.6 OK for: @npmcli/agent@2.2.2 want: ^7.0.1
1707 silly placeDep ROOT socks-proxy-agent@8.0.5 OK for: @npmcli/agent@2.2.2 want: ^8.0.3
1708 silly fetch manifest debug@^4.3.4
1709 silly packumentCache full:https://registry.npmjs.org/debug cache-miss
1710 http cache https://registry.npmjs.org/debug 1ms (cache hit)
1711 silly packumentCache full:https://registry.npmjs.org/debug set size:195840 disposed:false
1712 silly fetch manifest debug@4
1713 silly packumentCache full:https://registry.npmjs.org/debug cache-hit
1714 silly fetch manifest socks@^2.8.3
1715 silly packumentCache full:https://registry.npmjs.org/socks cache-miss
1716 http fetch GET 200 https://registry.npmjs.org/socks 26ms (cache miss)
1717 silly packumentCache full:https://registry.npmjs.org/socks set size:undefined disposed:false
1718 silly placeDep ROOT debug@4.4.3 OK for: http-proxy-agent@7.0.2 want: ^4.3.4
1719 silly fetch manifest ms@^2.1.3
1720 silly packumentCache full:https://registry.npmjs.org/ms cache-miss
1721 http fetch GET 200 https://registry.npmjs.org/ms 40ms (cache miss)
1722 silly packumentCache full:https://registry.npmjs.org/ms set size:undefined disposed:false
1723 silly placeDep ROOT ms@2.1.3 OK for: debug@4.4.3 want: ^2.1.3
1724 silly placeDep ROOT encoding@0.1.13 OK for: minipass-fetch@3.0.5 want: ^0.1.13
1725 silly placeDep ROOT minipass-sized@1.0.3 OK for: minipass-fetch@3.0.5 want: ^1.0.3
1726 silly placeDep ROOT minizlib@2.1.2 OK for: minipass-fetch@3.0.5 want: ^2.1.2
1727 silly fetch manifest iconv-lite@^0.6.2
1728 silly packumentCache full:https://registry.npmjs.org/iconv-lite cache-miss
1729 http fetch GET 200 https://registry.npmjs.org/iconv-lite 25ms (cache miss)
1730 silly packumentCache full:https://registry.npmjs.org/iconv-lite set size:undefined disposed:false
1731 silly placeDep ROOT iconv-lite@0.6.3 OK for: encoding@0.1.13 want: ^0.6.2
1732 silly fetch manifest safer-buffer@>= 2.1.2 < 3.0.0
1733 silly packumentCache full:https://registry.npmjs.org/safer-buffer cache-miss
1734 http fetch GET 200 https://registry.npmjs.org/safer-buffer 33ms (cache miss)
1735 silly packumentCache full:https://registry.npmjs.org/safer-buffer set size:undefined disposed:false
1736 silly placeDep ROOT safer-buffer@2.1.2 OK for: iconv-lite@0.6.3 want: >= 2.1.2 < 3.0.0
1737 silly placeDep node_modules/minipass-sized minipass@3.3.6 OK for: minipass-sized@1.0.3 want: ^3.0.0
1738 silly placeDep node_modules/minizlib minipass@3.3.6 OK for: minizlib@2.1.2 want: ^3.0.0
1739 silly placeDep ROOT yallist@4.0.0 OK for: minizlib@2.1.2 want: ^4.0.0
1740 silly placeDep ROOT abbrev@2.0.0 OK for: nopt@7.2.1 want: ^2.0.0
1741 silly placeDep node_modules/normalize-package-data semver@7.7.3 OK for: normalize-package-data@6.0.2 want: ^7.3.5
1742 silly placeDep ROOT validate-npm-package-license@3.0.4 OK for: normalize-package-data@6.0.2 want: ^3.0.4
1743 silly fetch manifest spdx-correct@^3.0.0
1744 silly packumentCache full:https://registry.npmjs.org/spdx-correct cache-miss
1745 http fetch GET 200 https://registry.npmjs.org/spdx-correct 27ms (cache miss)
1746 silly packumentCache full:https://registry.npmjs.org/spdx-correct set size:undefined disposed:false
1747 silly fetch manifest spdx-expression-parse@^3.0.0
1748 silly packumentCache full:https://registry.npmjs.org/spdx-expression-parse cache-miss
1749 http fetch GET 200 https://registry.npmjs.org/spdx-expression-parse 37ms (cache miss)
1750 silly packumentCache full:https://registry.npmjs.org/spdx-expression-parse set size:undefined disposed:false
1751 silly placeDep node_modules/npm-install-checks semver@7.7.3 OK for: npm-install-checks@6.3.0 want: ^7.1.1
1752 silly placeDep node_modules/npm-package-arg semver@7.7.3 OK for: npm-package-arg@11.0.3 want: ^7.3.5
1753 silly placeDep ROOT validate-npm-package-name@5.0.1 OK for: npm-package-arg@11.0.3 want: ^5.0.0
1754 silly placeDep node_modules/npm-pick-manifest semver@7.7.3 OK for: npm-pick-manifest@9.1.0 want: ^7.3.5
1755 silly placeDep ROOT jsonparse@1.3.1 OK for: npm-registry-fetch@17.1.0 want: ^1.3.1
1756 silly placeDep ROOT mimic-fn@2.1.0 OK for: onetime@5.1.2 want: ^2.1.0
1757 silly placeDep ROOT aggregate-error@3.1.0 OK for: p-map@4.0.0 want: ^3.0.0
1758 silly fetch manifest clean-stack@^2.0.0
1759 silly packumentCache full:https://registry.npmjs.org/clean-stack cache-miss
1760 http fetch GET 200 https://registry.npmjs.org/clean-stack 32ms (cache miss)
1761 silly packumentCache full:https://registry.npmjs.org/clean-stack set size:undefined disposed:false
1762 silly fetch manifest indent-string@^4.0.0
1763 silly packumentCache full:https://registry.npmjs.org/indent-string cache-miss
1764 http fetch GET 200 https://registry.npmjs.org/indent-string 25ms (cache miss)
1765 silly packumentCache full:https://registry.npmjs.org/indent-string set size:undefined disposed:false
1766 silly placeDep ROOT clean-stack@2.2.0 OK for: aggregate-error@3.1.0 want: ^2.0.0
1767 silly placeDep ROOT indent-string@4.0.0 OK for: aggregate-error@3.1.0 want: ^4.0.0
1768 silly placeDep ROOT npm-packlist@8.0.2 OK for: pacote@18.0.6 want: ^8.0.0
1769 silly placeDep ROOT sigstore@2.3.1 OK for: pacote@18.0.6 want: ^2.2.0
1770 silly fetch manifest ignore-walk@^6.0.4
1771 silly packumentCache full:https://registry.npmjs.org/ignore-walk cache-miss
1772 http fetch GET 200 https://registry.npmjs.org/ignore-walk 33ms (cache miss)
1773 silly packumentCache full:https://registry.npmjs.org/ignore-walk set size:undefined disposed:false
1774 silly fetch manifest @sigstore/tuf@^2.3.4
1775 silly packumentCache full:https://registry.npmjs.org/@sigstore%2ftuf cache-miss
1776 http fetch GET 200 https://registry.npmjs.org/@sigstore%2ftuf 35ms (cache miss)
1777 silly packumentCache full:https://registry.npmjs.org/@sigstore%2ftuf set size:undefined disposed:false
1778 silly fetch manifest @sigstore/core@^1.0.0
1779 silly packumentCache full:https://registry.npmjs.org/@sigstore%2fcore cache-miss
1780 http fetch GET 200 https://registry.npmjs.org/@sigstore%2fcore 61ms (cache miss)
1781 silly packumentCache full:https://registry.npmjs.org/@sigstore%2fcore set size:undefined disposed:false
1782 silly fetch manifest @sigstore/sign@^2.3.2
1783 silly packumentCache full:https://registry.npmjs.org/@sigstore%2fsign cache-miss
1784 http fetch GET 200 https://registry.npmjs.org/@sigstore%2fsign 45ms (cache miss)
1785 silly packumentCache full:https://registry.npmjs.org/@sigstore%2fsign set size:undefined disposed:false
1786 silly fetch manifest @sigstore/bundle@^2.3.2
1787 silly packumentCache full:https://registry.npmjs.org/@sigstore%2fbundle cache-miss
1788 http fetch GET 200 https://registry.npmjs.org/@sigstore%2fbundle 48ms (cache miss)
1789 silly packumentCache full:https://registry.npmjs.org/@sigstore%2fbundle set size:undefined disposed:false
1790 silly fetch manifest @sigstore/verify@^1.2.1
1791 silly packumentCache full:https://registry.npmjs.org/@sigstore%2fverify cache-miss
1792 http fetch GET 200 https://registry.npmjs.org/@sigstore%2fverify 49ms (cache miss)
1793 silly packumentCache full:https://registry.npmjs.org/@sigstore%2fverify set size:undefined disposed:false
1794 silly fetch manifest @sigstore/protobuf-specs@^0.3.2
1795 silly packumentCache full:https://registry.npmjs.org/@sigstore%2fprotobuf-specs cache-miss
1796 http fetch GET 200 https://registry.npmjs.org/@sigstore%2fprotobuf-specs 45ms (cache miss)
1797 silly packumentCache full:https://registry.npmjs.org/@sigstore%2fprotobuf-specs set size:undefined disposed:false
1798 silly placeDep ROOT ignore-walk@6.0.5 OK for: npm-packlist@8.0.2 want: ^6.0.4
1799 silly placeDep ROOT just-diff@6.0.2 OK for: parse-conflict-json@3.0.1 want: ^6.0.0
1800 silly placeDep ROOT just-diff-apply@5.5.0 OK for: parse-conflict-json@3.0.1 want: ^5.2.0
1801 silly placeDep ROOT find-up@6.3.0 OK for: pkg-dir@7.0.0 want: ^6.3.0
1802 silly fetch manifest locate-path@^7.1.0
1803 silly packumentCache full:https://registry.npmjs.org/locate-path cache-miss
1804 http fetch GET 200 https://registry.npmjs.org/locate-path 41ms (cache miss)
1805 silly packumentCache full:https://registry.npmjs.org/locate-path set size:undefined disposed:false
1806 silly fetch manifest path-exists@^5.0.0
1807 silly packumentCache full:https://registry.npmjs.org/path-exists cache-miss
1808 http fetch GET 200 https://registry.npmjs.org/path-exists 22ms (cache miss)
1809 silly packumentCache full:https://registry.npmjs.org/path-exists set size:undefined disposed:false
1810 silly placeDep ROOT locate-path@7.2.0 OK for: find-up@6.3.0 want: ^7.1.0
1811 silly placeDep ROOT path-exists@5.0.0 OK for: find-up@6.3.0 want: ^5.0.0
1812 silly fetch manifest p-locate@^6.0.0
1813 silly packumentCache full:https://registry.npmjs.org/p-locate cache-miss
1814 http fetch GET 200 https://registry.npmjs.org/p-locate 23ms (cache miss)
1815 silly packumentCache full:https://registry.npmjs.org/p-locate set size:undefined disposed:false
1816 silly placeDep ROOT p-locate@6.0.0 OK for: locate-path@7.2.0 want: ^6.0.0
1817 silly fetch manifest p-limit@^4.0.0
1818 silly packumentCache full:https://registry.npmjs.org/p-limit cache-miss
1819 http fetch GET 200 https://registry.npmjs.org/p-limit 33ms (cache miss)
1820 silly packumentCache full:https://registry.npmjs.org/p-limit set size:undefined disposed:false
1821 silly placeDep ROOT p-limit@4.0.0 OK for: p-locate@6.0.0 want: ^4.0.0
1822 silly fetch manifest yocto-queue@^1.0.0
1823 silly packumentCache full:https://registry.npmjs.org/yocto-queue cache-miss
1824 http fetch GET 200 https://registry.npmjs.org/yocto-queue 50ms (cache miss)
1825 silly packumentCache full:https://registry.npmjs.org/yocto-queue set size:undefined disposed:false
1826 silly placeDep ROOT yocto-queue@1.2.1 OK for: p-limit@4.0.0 want: ^1.0.0
1827 silly placeDep ROOT cssesc@3.0.0 OK for: postcss-selector-parser@6.1.2 want: ^3.0.0
1828 silly placeDep ROOT util-deprecate@1.0.2 OK for: postcss-selector-parser@6.1.2 want: ^1.0.2
1829 silly placeDep ROOT err-code@2.0.3 OK for: promise-retry@2.0.1 want: ^2.0.2
1830 silly placeDep ROOT retry@0.12.0 OK for: promise-retry@2.0.1 want: ^0.12.0
1831 silly placeDep ROOT @protobufjs/aspromise@1.1.2 OK for: protobufjs@7.5.4 want: ^1.1.2
1832 silly placeDep ROOT @protobufjs/base64@1.1.2 OK for: protobufjs@7.5.4 want: ^1.1.2
1833 silly placeDep ROOT @protobufjs/codegen@2.0.4 OK for: protobufjs@7.5.4 want: ^2.0.4
1834 silly placeDep ROOT @protobufjs/eventemitter@1.1.0 OK for: protobufjs@7.5.4 want: ^1.1.0
1835 silly placeDep ROOT @protobufjs/fetch@1.1.0 OK for: protobufjs@7.5.4 want: ^1.1.0
1836 silly placeDep ROOT @protobufjs/float@1.0.2 OK for: protobufjs@7.5.4 want: ^1.0.2
1837 silly placeDep ROOT @protobufjs/inquire@1.1.0 OK for: protobufjs@7.5.4 want: ^1.1.0
1838 silly placeDep ROOT @protobufjs/path@1.1.2 OK for: protobufjs@7.5.4 want: ^1.1.2
1839 silly placeDep ROOT @protobufjs/pool@1.1.0 OK for: protobufjs@7.5.4 want: ^1.1.0
1840 silly placeDep ROOT @protobufjs/utf8@1.1.0 OK for: protobufjs@7.5.4 want: ^1.1.0
1841 silly placeDep ROOT resolve@1.22.10 OK for: require-in-the-middle@7.5.2 want: ^1.22.8
1842 silly fetch manifest is-core-module@^2.16.0
1843 silly packumentCache full:https://registry.npmjs.org/is-core-module cache-miss
1844 http fetch GET 200 https://registry.npmjs.org/is-core-module 29ms (cache miss)
1845 silly packumentCache full:https://registry.npmjs.org/is-core-module set size:undefined disposed:false
1846 silly fetch manifest path-parse@^1.0.7
1847 silly packumentCache full:https://registry.npmjs.org/path-parse cache-miss
1848 http fetch GET 200 https://registry.npmjs.org/path-parse 28ms (cache miss)
1849 silly packumentCache full:https://registry.npmjs.org/path-parse set size:undefined disposed:false
1850 silly fetch manifest supports-preserve-symlinks-flag@^1.0.0
1851 silly packumentCache full:https://registry.npmjs.org/supports-preserve-symlinks-flag cache-miss
1852 http fetch GET 200 https://registry.npmjs.org/supports-preserve-symlinks-flag 23ms (cache miss)
1853 silly packumentCache full:https://registry.npmjs.org/supports-preserve-symlinks-flag set size:undefined disposed:false
1854 silly placeDep ROOT is-core-module@2.16.1 OK for: resolve@1.22.10 want: ^2.16.0
1855 silly placeDep ROOT path-parse@1.0.7 OK for: resolve@1.22.10 want: ^1.0.7
1856 silly placeDep ROOT supports-preserve-symlinks-flag@1.0.0 OK for: resolve@1.22.10 want: ^1.0.0
1857 silly fetch manifest hasown@^2.0.2
1858 silly packumentCache full:https://registry.npmjs.org/hasown cache-miss
1859 http fetch GET 200 https://registry.npmjs.org/hasown 22ms (cache miss)
1860 silly packumentCache full:https://registry.npmjs.org/hasown set size:undefined disposed:false
1861 silly placeDep ROOT hasown@2.0.2 OK for: is-core-module@2.16.1 want: ^2.0.2
1862 silly fetch manifest function-bind@^1.1.2
1863 silly packumentCache full:https://registry.npmjs.org/function-bind cache-miss
1864 http fetch GET 200 https://registry.npmjs.org/function-bind 22ms (cache miss)
1865 silly packumentCache full:https://registry.npmjs.org/function-bind set size:undefined disposed:false
1866 silly placeDep ROOT function-bind@1.1.2 OK for: hasown@2.0.2 want: ^1.1.2
1867 silly placeDep ROOT shebang-regex@3.0.0 OK for: shebang-command@2.0.0 want: ^3.0.0
1868 silly placeDep ROOT @sigstore/bundle@2.3.2 OK for: sigstore@2.3.1 want: ^2.3.2
1869 silly placeDep ROOT @sigstore/core@1.1.0 OK for: sigstore@2.3.1 want: ^1.0.0
1870 silly placeDep ROOT @sigstore/protobuf-specs@0.3.3 OK for: sigstore@2.3.1 want: ^0.3.2
1871 silly placeDep ROOT @sigstore/sign@2.3.2 OK for: sigstore@2.3.1 want: ^2.3.2
1872 silly placeDep ROOT @sigstore/tuf@2.3.4 OK for: sigstore@2.3.1 want: ^2.3.4
1873 silly placeDep ROOT @sigstore/verify@1.2.1 OK for: sigstore@2.3.1 want: ^1.2.1
1874 silly fetch manifest tuf-js@^2.2.1
1875 silly packumentCache full:https://registry.npmjs.org/tuf-js cache-miss
1876 http fetch GET 200 https://registry.npmjs.org/tuf-js 38ms (cache miss)
1877 silly packumentCache full:https://registry.npmjs.org/tuf-js set size:undefined disposed:false
1878 silly placeDep ROOT tuf-js@2.2.1 OK for: @sigstore/tuf@2.3.4 want: ^2.2.1
1879 silly fetch manifest @tufjs/models@2.0.1
1880 silly packumentCache full:https://registry.npmjs.org/@tufjs%2fmodels cache-miss
1881 http fetch GET 200 https://registry.npmjs.org/@tufjs%2fmodels 45ms (cache miss)
1882 silly packumentCache full:https://registry.npmjs.org/@tufjs%2fmodels set size:undefined disposed:false
1883 silly placeDep ROOT socks@2.8.7 OK for: socks-proxy-agent@8.0.5 want: ^2.8.3
1884 silly fetch manifest ip-address@^10.0.1
1885 silly packumentCache full:https://registry.npmjs.org/ip-address cache-miss
1886 http fetch GET 200 https://registry.npmjs.org/ip-address 88ms (cache miss)
1887 silly packumentCache full:https://registry.npmjs.org/ip-address set size:undefined disposed:false
1888 silly fetch manifest smart-buffer@^4.2.0
1889 silly packumentCache full:https://registry.npmjs.org/smart-buffer cache-miss
1890 http fetch GET 200 https://registry.npmjs.org/smart-buffer 37ms (cache miss)
1891 silly packumentCache full:https://registry.npmjs.org/smart-buffer set size:undefined disposed:false
1892 silly placeDep ROOT ip-address@10.0.1 OK for: socks@2.8.7 want: ^10.0.1
1893 silly placeDep ROOT smart-buffer@4.2.0 OK for: socks@2.8.7 want: ^4.2.0
1894 silly placeDep ROOT buffer-from@1.1.2 OK for: source-map-support@0.5.21 want: ^1.0.0
1895 silly placeDep ROOT source-map@0.6.1 OK for: source-map-support@0.5.21 want: ^0.6.0
1896 silly placeDep ROOT eastasianwidth@0.2.0 OK for: string-width@5.1.2 want: ^0.2.0
1897 silly placeDep ROOT emoji-regex@9.2.2 OK for: string-width@5.1.2 want: ^9.2.2
1898 silly placeDep node_modules/string-width-cjs emoji-regex@8.0.0 OK for: string-width@4.2.3 want: ^8.0.0
1899 silly placeDep ROOT is-fullwidth-code-point@3.0.0 OK for: string-width@4.2.3 want: ^3.0.0
1900 silly placeDep node_modules/string-width-cjs strip-ansi@6.0.1 OK for: string-width@4.2.3 want: ^6.0.1
1901 silly placeDep ROOT ansi-regex@6.2.2 OK for: strip-ansi@7.1.2 want: ^6.0.1
1902 silly placeDep node_modules/strip-ansi-cjs ansi-regex@5.0.1 OK for: strip-ansi@6.0.1 want: ^5.0.1
1903 silly placeDep ROOT chownr@2.0.0 OK for: tar@6.2.1 want: ^2.0.0
1904 silly placeDep node_modules/tar fs-minipass@2.1.0 OK for: tar@6.2.1 want: ^2.0.0
1905 silly placeDep node_modules/tar minipass@5.0.0 OK for: tar@6.2.1 want: ^5.0.0
1906 silly placeDep ROOT mkdirp@1.0.4 OK for: tar@6.2.1 want: ^1.0.3
1907 silly placeDep ROOT @tufjs/models@2.0.1 OK for: tuf-js@2.2.1 want: 2.0.1
1908 silly fetch manifest @tufjs/canonical-json@2.0.0
1909 silly packumentCache full:https://registry.npmjs.org/@tufjs%2fcanonical-json cache-miss
1910 http fetch GET 200 https://registry.npmjs.org/@tufjs%2fcanonical-json 48ms (cache miss)
1911 silly packumentCache full:https://registry.npmjs.org/@tufjs%2fcanonical-json set size:undefined disposed:false
1912 silly placeDep ROOT @tufjs/canonical-json@2.0.0 OK for: @tufjs/models@2.0.1 want: 2.0.0
1913 silly placeDep ROOT unique-slug@4.0.0 OK for: unique-filename@3.0.0 want: ^4.0.0
1914 silly placeDep ROOT imurmurhash@0.1.4 OK for: unique-slug@4.0.0 want: ^0.1.4
1915 silly placeDep ROOT spdx-correct@3.2.0 OK for: validate-npm-package-license@3.0.4 want: ^3.0.0
1916 silly placeDep ROOT spdx-expression-parse@3.0.1 OK for: validate-npm-package-license@3.0.4 want: ^3.0.0
1917 silly fetch manifest spdx-license-ids@^3.0.0
1918 silly packumentCache full:https://registry.npmjs.org/spdx-license-ids cache-miss
1919 http fetch GET 200 https://registry.npmjs.org/spdx-license-ids 29ms (cache miss)
1920 silly packumentCache full:https://registry.npmjs.org/spdx-license-ids set size:undefined disposed:false
1921 silly fetch manifest spdx-exceptions@^2.1.0
1922 silly packumentCache full:https://registry.npmjs.org/spdx-exceptions cache-miss
1923 http fetch GET 200 https://registry.npmjs.org/spdx-exceptions 29ms (cache miss)
1924 silly packumentCache full:https://registry.npmjs.org/spdx-exceptions set size:undefined disposed:false
1925 silly placeDep ROOT spdx-license-ids@3.0.22 OK for: spdx-correct@3.2.0 want: ^3.0.0
1926 silly placeDep ROOT spdx-exceptions@2.5.0 OK for: spdx-expression-parse@3.0.1 want: ^2.1.0
1927 silly placeDep ROOT isexe@3.1.1 OK for: which@4.0.0 want: ^3.1.1
1928 silly placeDep ROOT ansi-styles@6.2.3 OK for: wrap-ansi@8.1.0 want: ^6.1.0
1929 silly placeDep node_modules/wrap-ansi-cjs ansi-styles@4.3.0 OK for: wrap-ansi@7.0.0 want: ^4.0.0
1930 silly placeDep node_modules/wrap-ansi-cjs string-width@4.2.3 OK for: wrap-ansi@7.0.0 want: ^4.1.0
1931 silly placeDep node_modules/wrap-ansi-cjs strip-ansi@6.0.1 OK for: wrap-ansi@7.0.0 want: ^6.0.0
1932 silly fetch manifest color-convert@^2.0.1
1933 silly packumentCache full:https://registry.npmjs.org/color-convert cache-miss
1934 http fetch GET 200 https://registry.npmjs.org/color-convert 32ms (cache miss)
1935 silly packumentCache full:https://registry.npmjs.org/color-convert set size:undefined disposed:false
1936 silly placeDep node_modules/write-file-atomic signal-exit@4.1.0 OK for: write-file-atomic@5.0.1 want: ^4.0.1
1937 silly placeDep ROOT cliui@8.0.1 OK for: yargs@17.7.2 want: ^8.0.1
1938 silly placeDep ROOT escalade@3.2.0 OK for: yargs@17.7.2 want: ^3.1.1
1939 silly placeDep ROOT get-caller-file@2.0.5 OK for: yargs@17.7.2 want: ^2.0.5
1940 silly placeDep ROOT require-directory@2.1.1 OK for: yargs@17.7.2 want: ^2.1.1
1941 silly placeDep node_modules/yargs string-width@4.2.3 OK for: yargs@17.7.2 want: ^4.2.3
1942 silly placeDep ROOT y18n@5.0.8 OK for: yargs@17.7.2 want: ^5.0.5
1943 silly placeDep ROOT yargs-parser@21.1.1 OK for: yargs@17.7.2 want: ^21.1.1
1944 silly fetch manifest wrap-ansi@^7.0.0
1945 silly packumentCache full:https://registry.npmjs.org/wrap-ansi cache-hit
1946 silly fetch manifest string-width@^4.2.0
1947 silly packumentCache full:https://registry.npmjs.org/string-width cache-hit
1948 silly placeDep node_modules/cliui string-width@4.2.3 OK for: cliui@8.0.1 want: ^4.2.0
1949 silly placeDep node_modules/cliui strip-ansi@6.0.1 OK for: cliui@8.0.1 want: ^6.0.1
1950 silly placeDep node_modules/cliui wrap-ansi@7.0.0 OK for: cliui@8.0.1 want: ^7.0.0
1951 silly placeDep node_modules/@aws-crypto/sha256-browser @smithy/util-buffer-from@2.2.0 OK for: @smithy/util-utf8@2.3.0 want: ^2.2.0
1952 silly fetch manifest @smithy/is-array-buffer@^2.2.0
1953 silly packumentCache full:https://registry.npmjs.org/@smithy%2fis-array-buffer cache-miss
1954 http cache https://registry.npmjs.org/@smithy%2fis-array-buffer 1ms (cache hit)
1955 silly packumentCache full:https://registry.npmjs.org/@smithy%2fis-array-buffer set size:34586 disposed:false
1956 silly placeDep node_modules/@aws-crypto/sha256-browser @smithy/is-array-buffer@2.2.0 OK for: @smithy/util-buffer-from@2.2.0 want: ^2.2.0
1957 silly placeDep node_modules/@aws-crypto/util @smithy/util-buffer-from@2.2.0 OK for: @smithy/util-utf8@2.3.0 want: ^2.2.0
1958 silly placeDep node_modules/@aws-crypto/util @smithy/is-array-buffer@2.2.0 OK for: @smithy/util-buffer-from@2.2.0 want: ^2.2.0
1959 silly placeDep ROOT pump@3.0.3 OK for: get-stream@5.2.0 want: ^3.0.0
1960 silly fetch manifest end-of-stream@^1.1.0
1961 silly packumentCache full:https://registry.npmjs.org/end-of-stream cache-miss
1962 http fetch GET 200 https://registry.npmjs.org/end-of-stream 31ms (cache miss)
1963 silly packumentCache full:https://registry.npmjs.org/end-of-stream set size:undefined disposed:false
1964 silly fetch manifest once@^1.3.1
1965 silly packumentCache full:https://registry.npmjs.org/once cache-miss
1966 http fetch GET 200 https://registry.npmjs.org/once 27ms (cache miss)
1967 silly packumentCache full:https://registry.npmjs.org/once set size:undefined disposed:false
1968 silly placeDep ROOT end-of-stream@1.4.5 OK for: pump@3.0.3 want: ^1.1.0
1969 silly placeDep ROOT once@1.4.0 OK for: pump@3.0.3 want: ^1.3.1
1970 silly fetch manifest once@^1.4.0
1971 silly packumentCache full:https://registry.npmjs.org/once cache-miss
1972 http cache https://registry.npmjs.org/once 3ms (cache hit)
1973 silly packumentCache full:https://registry.npmjs.org/once set size:11768 disposed:false
1974 silly fetch manifest wrappy@1
1975 silly packumentCache full:https://registry.npmjs.org/wrappy cache-miss
1976 http fetch GET 200 https://registry.npmjs.org/wrappy 41ms (cache miss)
1977 silly packumentCache full:https://registry.npmjs.org/wrappy set size:undefined disposed:false
1978 silly placeDep ROOT wrappy@1.0.2 OK for: once@1.4.0 want: 1
1979 silly placeDep node_modules/cliui emoji-regex@8.0.0 OK for: string-width@4.2.3 want: ^8.0.0
1980 silly placeDep node_modules/cliui ansi-regex@5.0.1 OK for: strip-ansi@6.0.1 want: ^5.0.1
1981 silly placeDep node_modules/cliui ansi-styles@4.3.0 OK for: wrap-ansi@7.0.0 want: ^4.0.0
1982 silly placeDep ROOT color-convert@2.0.1 OK for: ansi-styles@4.3.0 want: ^2.0.1
1983 silly fetch manifest color-name@~1.1.4
1984 silly packumentCache full:https://registry.npmjs.org/color-name cache-miss
1985 http fetch GET 200 https://registry.npmjs.org/color-name 26ms (cache miss)
1986 silly packumentCache full:https://registry.npmjs.org/color-name set size:undefined disposed:false
1987 silly placeDep ROOT color-name@1.1.4 OK for: color-convert@2.0.1 want: ~1.1.4
1988 silly placeDep node_modules/cross-spawn isexe@2.0.0 OK for: which@2.0.2 want: ^2.0.0
1989 silly placeDep node_modules/string-width-cjs ansi-regex@5.0.1 OK for: strip-ansi@6.0.1 want: ^5.0.1
1990 silly placeDep node_modules/tar/node_modules/fs-minipass minipass@3.3.6 OK for: fs-minipass@2.1.0 want: ^3.0.0
1991 silly placeDep node_modules/wrap-ansi-cjs emoji-regex@8.0.0 OK for: string-width@4.2.3 want: ^8.0.0
1992 silly placeDep node_modules/wrap-ansi-cjs ansi-regex@5.0.1 OK for: strip-ansi@6.0.1 want: ^5.0.1
1993 silly placeDep node_modules/yargs emoji-regex@8.0.0 OK for: string-width@4.2.3 want: ^8.0.0
1994 silly placeDep node_modules/yargs strip-ansi@6.0.1 OK for: string-width@4.2.3 want: ^6.0.1
1995 silly placeDep node_modules/yargs ansi-regex@5.0.1 OK for: strip-ansi@6.0.1 want: ^5.0.1
1996 silly reify moves {}
1997 silly audit bulk request {
1997 silly audit   '@pulumi/aws': [ '7.8.0' ],
1997 silly audit   '@pulumi/awsx': [ '3.0.0' ],
1997 silly audit   '@pulumi/pulumi': [ '3.202.0' ],
1997 silly audit   '@types/node': [ '18.19.130' ],
1997 silly audit   typescript: [ '5.9.3' ],
1997 silly audit   mime: [ '2.6.0' ],
1997 silly audit   '@aws-sdk/client-ecs': [ '3.908.0' ],
1997 silly audit   '@pulumi/docker': [ '4.9.0', '3.6.1' ],
1997 silly audit   '@pulumi/docker-build': [ '0.0.8' ],
1997 silly audit   '@types/aws-lambda': [ '8.10.155' ],
1997 silly audit   '@aws-crypto/sha256-browser': [ '5.2.0' ],
1997 silly audit   '@aws-crypto/sha256-js': [ '5.2.0' ],
1997 silly audit   '@aws-sdk/core': [ '3.908.0' ],
1997 silly audit   '@aws-sdk/credential-provider-node': [ '3.908.0' ],
1997 silly audit   '@aws-sdk/middleware-host-header': [ '3.901.0' ],
1997 silly audit   '@aws-sdk/middleware-logger': [ '3.901.0' ],
1997 silly audit   '@aws-sdk/middleware-recursion-detection': [ '3.901.0' ],
1997 silly audit   '@aws-sdk/middleware-user-agent': [ '3.908.0' ],
1997 silly audit   '@aws-sdk/region-config-resolver': [ '3.901.0' ],
1997 silly audit   '@aws-sdk/types': [ '3.901.0' ],
1997 silly audit   '@aws-sdk/util-endpoints': [ '3.901.0' ],
1997 silly audit   '@aws-sdk/util-user-agent-browser': [ '3.907.0' ],
1997 silly audit   '@aws-sdk/util-user-agent-node': [ '3.908.0' ],
1997 silly audit   '@smithy/config-resolver': [ '4.3.2' ],
1997 silly audit   '@smithy/core': [ '3.16.1' ],
1997 silly audit   '@smithy/fetch-http-handler': [ '5.3.3' ],
1997 silly audit   '@smithy/hash-node': [ '4.2.2' ],
1997 silly audit   '@smithy/invalid-dependency': [ '4.2.2' ],
1997 silly audit   '@smithy/middleware-content-length': [ '4.2.2' ],
1997 silly audit   '@smithy/middleware-endpoint': [ '4.3.3' ],
1997 silly audit   '@smithy/middleware-retry': [ '4.4.3' ],
1997 silly audit   '@smithy/middleware-serde': [ '4.2.2' ],
1997 silly audit   '@smithy/middleware-stack': [ '4.2.2' ],
1997 silly audit   '@smithy/node-config-provider': [ '4.3.2' ],
1997 silly audit   '@smithy/node-http-handler': [ '4.4.1' ],
1997 silly audit   '@smithy/protocol-http': [ '5.3.2' ],
1997 silly audit   '@smithy/smithy-client': [ '4.8.1' ],
1997 silly audit   '@smithy/types': [ '4.7.1' ],
1997 silly audit   '@smithy/url-parser': [ '4.2.2' ],
1997 silly audit   '@smithy/util-base64': [ '4.3.0' ],
1997 silly audit   '@smithy/util-body-length-browser': [ '4.2.0' ],
1997 silly audit   '@smithy/util-body-length-node': [ '4.2.1' ],
1997 silly audit   '@smithy/util-defaults-mode-browser': [ '4.3.2' ],
1997 silly audit   '@smithy/util-defaults-mode-node': [ '4.2.3' ],
1997 silly audit   '@smithy/util-endpoints': [ '3.2.2' ],
1997 silly audit   '@smithy/util-middleware': [ '4.2.2' ],
1997 silly audit   '@smithy/util-retry': [ '4.2.2' ],
1997 silly audit   '@smithy/util-utf8': [ '4.2.0', '2.3.0' ],
1997 silly audit   '@smithy/util-waiter': [ '4.2.2' ],
1997 silly audit   '@smithy/uuid': [ '1.1.0' ],
1997 silly audit   tslib: [ '2.8.1' ],
1997 silly audit   '@aws-crypto/supports-web-crypto': [ '5.2.0' ],
1997 silly audit   '@aws-crypto/util': [ '5.2.0' ],
1997 silly audit   '@aws-sdk/util-locate-window': [ '3.893.0' ],
1997 silly audit   '@aws-sdk/xml-builder': [ '3.901.0' ],
1997 silly audit   '@smithy/property-provider': [ '4.2.2' ],
1997 silly audit   '@smithy/signature-v4': [ '5.3.2' ],
1997 silly audit   '@aws-sdk/credential-provider-env': [ '3.908.0' ],
1997 silly audit   '@aws-sdk/credential-provider-http': [ '3.908.0' ],
1997 silly audit   '@aws-sdk/credential-provider-ini': [ '3.908.0' ],
1997 silly audit   '@aws-sdk/credential-provider-process': [ '3.908.0' ],
1997 silly audit   '@aws-sdk/credential-provider-sso': [ '3.908.0' ],
1997 silly audit   '@aws-sdk/credential-provider-web-identity': [ '3.908.0' ],
1997 silly audit   '@smithy/credential-provider-imds': [ '4.2.2' ],
1997 silly audit   '@smithy/shared-ini-file-loader': [ '4.3.2' ],
1997 silly audit   '@smithy/util-stream': [ '4.5.2' ],
1997 silly audit   '@aws-sdk/nested-clients': [ '3.908.0' ],
1997 silly audit   '@aws-sdk/client-sso': [ '3.908.0' ],
1997 silly audit   '@aws-sdk/token-providers': [ '3.908.0' ],
1997 silly audit   '@aws/lambda-invoke-store': [ '0.0.1' ],
1997 silly audit   '@smithy/util-config-provider': [ '4.2.0' ],
1997 silly audit   bowser: [ '2.12.1' ],
1997 silly audit   'fast-xml-parser': [ '5.2.5' ],
1997 silly audit   semver: [ '5.7.2', '7.7.3' ],
1997 silly audit   '@grpc/grpc-js': [ '1.14.0' ],
1997 silly audit   '@logdna/tail-file': [ '2.2.0' ],
1997 silly audit   '@npmcli/arborist': [ '7.5.4' ],
1997 silly audit   '@opentelemetry/api': [ '1.9.0' ],
1997 silly audit   '@opentelemetry/exporter-zipkin': [ '1.30.1' ],
1997 silly audit   '@opentelemetry/instrumentation': [ '0.55.0' ],
1997 silly audit   '@opentelemetry/instrumentation-grpc': [ '0.55.0' ],
1997 silly audit   '@opentelemetry/resources': [ '1.30.1' ],
1997 silly audit   '@opentelemetry/sdk-trace-base': [ '1.30.1' ],
1997 silly audit   '@opentelemetry/sdk-trace-node': [ '1.30.1' ],
1997 silly audit   '@types/google-protobuf': [ '3.15.12' ],
1997 silly audit   '@types/semver': [ '7.7.1' ],
1997 silly audit   '@types/tmp': [ '0.2.6' ],
1997 silly audit   execa: [ '5.1.1' ],
1997 silly audit   fdir: [ '6.5.0' ],
1997 silly audit   'google-protobuf': [ '3.21.4' ],
1997 silly audit   got: [ '11.8.6' ],
1997 silly audit   ini: [ '2.0.0', '4.1.3' ],
1997 silly audit   'js-yaml': [ '3.14.1' ],
1997 silly audit   minimist: [ '1.2.8' ],
1997 silly audit   'normalize-package-data': [ '6.0.2' ],
1997 silly audit   picomatch: [ '3.0.1' ],
1997 silly audit   'pkg-dir': [ '7.0.0' ],
1997 silly audit   'require-from-string': [ '2.0.2' ],
1997 silly audit   'source-map-support': [ '0.5.21' ],
1997 silly audit   tmp: [ '0.2.5' ],
1997 silly audit   upath: [ '1.2.0' ],
1997 silly audit   '@grpc/proto-loader': [ '0.8.0' ],
1997 silly audit   '@js-sdsl/ordered-map': [ '4.4.2' ],
1997 silly audit   'lodash.camelcase': [ '4.3.0' ],
1997 silly audit   long: [ '5.3.2' ],
1997 silly audit   protobufjs: [ '7.5.4' ],
1997 silly audit   yargs: [ '17.7.2' ],
1997 silly audit   '@isaacs/string-locale-compare': [ '1.1.0' ],
1997 silly audit   '@npmcli/fs': [ '3.1.1' ],
1997 silly audit   '@npmcli/installed-package-contents': [ '2.1.0' ],
1997 silly audit   '@npmcli/map-workspaces': [ '3.0.6' ],
1997 silly audit   '@npmcli/metavuln-calculator': [ '7.1.1' ],
1997 silly audit   '@npmcli/name-from-folder': [ '2.0.0' ],
1997 silly audit   '@npmcli/node-gyp': [ '3.0.0' ],
1997 silly audit   '@npmcli/package-json': [ '5.2.1' ],
1997 silly audit   '@npmcli/query': [ '3.1.0' ],
1997 silly audit   '@npmcli/redact': [ '2.0.1' ],
1997 silly audit   '@npmcli/run-script': [ '8.1.0' ],
1997 silly audit   'bin-links': [ '4.0.4' ],
1997 silly audit   cacache: [ '18.0.4' ],
1997 silly audit   'common-ancestor-path': [ '1.0.1' ],
1997 silly audit   'hosted-git-info': [ '7.0.2' ],
1997 silly audit   'json-parse-even-better-errors': [ '3.0.2' ],
1997 silly audit   'json-stringify-nice': [ '1.1.4' ],
1997 silly audit   'lru-cache': [ '10.4.3' ],
1997 silly audit   minimatch: [ '9.0.5' ],
1997 silly audit   nopt: [ '7.2.1' ],
1997 silly audit   'npm-install-checks': [ '6.3.0' ],
1997 silly audit   'npm-package-arg': [ '11.0.3' ],
1997 silly audit   'npm-pick-manifest': [ '9.1.0' ],
1997 silly audit   'npm-registry-fetch': [ '17.1.0' ],
1997 silly audit   pacote: [ '18.0.6' ],
1997 silly audit   'parse-conflict-json': [ '3.0.1' ],
1997 silly audit   'proc-log': [ '4.2.0' ],
1997 silly audit   proggy: [ '2.0.0' ],
1997 silly audit   'promise-all-reject-late': [ '1.0.1' ],
1997 silly audit   'promise-call-limit': [ '3.0.2' ],
1997 silly audit   'read-package-json-fast': [ '3.0.2' ],
1997 silly audit   ssri: [ '10.0.6' ],
1997 silly audit   treeverse: [ '3.0.0' ],
1997 silly audit   'walk-up-path': [ '3.0.1' ],
1997 silly audit   'npm-bundled': [ '3.0.1' ],
1997 silly audit   'npm-normalize-package-bin': [ '3.0.1' ],
1997 silly audit   glob: [ '10.4.5' ],
1997 silly audit   '@npmcli/git': [ '5.0.8' ],
1997 silly audit   '@npmcli/promise-spawn': [ '7.0.2' ],
1997 silly audit   'promise-inflight': [ '1.0.1' ],
1997 silly audit   'promise-retry': [ '2.0.1' ],
1997 silly audit   which: [ '4.0.0', '2.0.2' ],
1997 silly audit   'postcss-selector-parser': [ '6.1.2' ],
1997 silly audit   'node-gyp': [ '10.3.1' ],
1997 silly audit   '@opentelemetry/core': [ '1.30.1' ],
1997 silly audit   '@opentelemetry/semantic-conventions': [ '1.28.0', '1.27.0' ],
1997 silly audit   '@opentelemetry/api-logs': [ '0.55.0' ],
1997 silly audit   '@types/shimmer': [ '1.2.0' ],
1997 silly audit   'import-in-the-middle': [ '1.15.0' ],
1997 silly audit   'require-in-the-middle': [ '7.5.2' ],
1997 silly audit   shimmer: [ '1.2.1' ],
1997 silly audit   '@opentelemetry/context-async-hooks': [ '1.30.1' ],
1997 silly audit   '@opentelemetry/propagator-b3': [ '1.30.1' ],
1997 silly audit   '@opentelemetry/propagator-jaeger': [ '1.30.1' ],
1997 silly audit   '@smithy/querystring-builder': [ '4.2.2' ],
1997 silly audit   '@smithy/util-buffer-from': [ '4.2.0', '2.2.0' ],
1997 silly audit   '@smithy/service-error-classification': [ '4.2.2' ],
1997 silly audit   '@smithy/abort-controller': [ '4.2.2' ],
1997 silly audit   '@smithy/util-uri-escape': [ '4.2.0' ],
1997 silly audit   '@smithy/is-array-buffer': [ '4.2.0', '2.2.0' ],
1997 silly audit   '@smithy/util-hex-encoding': [ '4.2.0' ],
1997 silly audit   '@smithy/querystring-parser': [ '4.2.2' ],
1997 silly audit   'undici-types': [ '5.26.5' ],
1997 silly audit   'cmd-shim': [ '6.0.3' ],
1997 silly audit   'read-cmd-shim': [ '4.0.0' ],
1997 silly audit   'write-file-atomic': [ '5.0.1' ],
1997 silly audit   'fs-minipass': [ '3.0.3', '2.1.0' ],
1997 silly audit   minipass: [ '7.1.2', '3.3.6', '5.0.0' ],
1997 silly audit   'minipass-collect': [ '2.0.1' ],
1997 silly audit   'minipass-flush': [ '1.0.5' ],
1997 silly audit   'minipass-pipeline': [ '1.2.4' ],
1997 silly audit   'p-map': [ '4.0.0' ],
1997 silly audit   tar: [ '6.2.1' ],
1997 silly audit   'unique-filename': [ '3.0.0' ],
1997 silly audit   'cross-spawn': [ '7.0.6' ],
1997 silly audit   'get-stream': [ '6.0.1', '5.2.0' ],
1997 silly audit   'human-signals': [ '2.1.0' ],
1997 silly audit   'is-stream': [ '2.0.1' ],
1997 silly audit   'merge-stream': [ '2.0.0' ],
1997 silly audit   'npm-run-path': [ '4.0.1' ],
1997 silly audit   onetime: [ '5.1.2' ],
1997 silly audit   'signal-exit': [ '3.0.7', '4.1.0' ],
1997 silly audit   'strip-final-newline': [ '2.0.0' ],
1997 silly audit   'path-key': [ '3.1.1' ],
1997 silly audit   'shebang-command': [ '2.0.0' ],
1997 silly audit   strnum: [ '2.1.1' ],
1997 silly audit   'foreground-child': [ '3.3.1' ],
1997 silly audit   jackspeak: [ '3.4.3' ],
1997 silly audit   'package-json-from-dist': [ '1.0.1' ],
1997 silly audit   'path-scurry': [ '1.11.1' ],
1997 silly audit   '@sindresorhus/is': [ '4.6.0' ],
1997 silly audit   '@szmarczak/http-timer': [ '4.0.6' ],
1997 silly audit   '@types/cacheable-request': [ '6.0.3' ],
1997 silly audit   '@types/responselike': [ '1.0.3' ],
1997 silly audit   'cacheable-lookup': [ '5.0.4' ],
1997 silly audit   'cacheable-request': [ '7.0.4' ],
1997 silly audit   'decompress-response': [ '6.0.0' ],
1997 silly audit   'http2-wrapper': [ '1.0.3' ],
1997 silly audit   'lowercase-keys': [ '2.0.0' ],
1997 silly audit   'p-cancelable': [ '2.1.1' ],
1997 silly audit   responselike: [ '2.0.1' ],
1997 silly audit   'defer-to-connect': [ '2.0.1' ],
1997 silly audit   '@types/http-cache-semantics': [ '4.0.4' ],
1997 silly audit   '@types/keyv': [ '3.1.4' ],
1997 silly audit   'clone-response': [ '1.0.3' ],
1997 silly audit   'http-cache-semantics': [ '4.2.0' ],
1997 silly audit   keyv: [ '4.5.4' ],
1997 silly audit   'normalize-url': [ '6.1.0' ],
1997 silly audit   'mimic-response': [ '1.0.1', '3.1.0' ],
1997 silly audit   'quick-lru': [ '5.1.1' ],
1997 silly audit   'resolve-alpn': [ '1.2.1' ],
1997 silly audit   acorn: [ '8.15.0' ],
1997 silly audit   'acorn-import-attributes': [ '1.9.5' ],
1997 silly audit   'cjs-module-lexer': [ '1.4.3' ],
1997 silly audit   'module-details-from-path': [ '1.0.4' ],
1997 silly audit   '@isaacs/cliui': [ '8.0.2' ],
1997 silly audit   '@pkgjs/parseargs': [ '0.11.0' ],
1997 silly audit   'string-width': [ '5.1.2', '4.2.3' ],
1997 silly audit   'strip-ansi': [ '7.1.2', '6.0.1' ],
1997 silly audit   'wrap-ansi': [ '8.1.0', '7.0.0' ],
1997 silly audit   argparse: [ '1.0.10' ],
1997 silly audit   esprima: [ '4.0.1' ],
1997 silly audit   'sprintf-js': [ '1.0.3' ],
1997 silly audit   'json-buffer': [ '3.0.1' ],
1997 silly audit   'brace-expansion': [ '2.0.2' ],
1997 silly audit   'balanced-match': [ '1.0.2' ],
1997 silly audit   'env-paths': [ '2.2.1' ],
1997 silly audit   'exponential-backoff': [ '3.1.3' ],
1997 silly audit   'graceful-fs': [ '4.2.11' ],
1997 silly audit   'make-fetch-happen': [ '13.0.1' ],
1997 silly audit   '@npmcli/agent': [ '2.2.2' ],
1997 silly audit   'is-lambda': [ '1.0.1' ],
1997 silly audit   'minipass-fetch': [ '3.0.5' ],
1997 silly audit   negotiator: [ '0.6.4' ],
1997 silly audit   'agent-base': [ '7.1.4' ],
1997 silly audit   'http-proxy-agent': [ '7.0.2' ],
1997 silly audit   'https-proxy-agent': [ '7.0.6' ],
1997 silly audit   'socks-proxy-agent': [ '8.0.5' ],
1997 silly audit   debug: [ '4.4.3' ],
1997 silly audit   ms: [ '2.1.3' ],
1997 silly audit   encoding: [ '0.1.13' ],
1997 silly audit   'minipass-sized': [ '1.0.3' ],
1997 silly audit   minizlib: [ '2.1.2' ],
1997 silly audit   'iconv-lite': [ '0.6.3' ],
1997 silly audit   'safer-buffer': [ '2.1.2' ],
1997 silly audit   yallist: [ '4.0.0' ],
1997 silly audit   abbrev: [ '2.0.0' ],
1997 silly audit   'validate-npm-package-license': [ '3.0.4' ],
1997 silly audit   'validate-npm-package-name': [ '5.0.1' ],
1997 silly audit   jsonparse: [ '1.3.1' ],
1997 silly audit   'mimic-fn': [ '2.1.0' ],
1997 silly audit   'aggregate-error': [ '3.1.0' ],
1997 silly audit   'clean-stack': [ '2.2.0' ],
1997 silly audit   'indent-string': [ '4.0.0' ],
1997 silly audit   'npm-packlist': [ '8.0.2' ],
1997 silly audit   sigstore: [ '2.3.1' ],
1997 silly audit   'ignore-walk': [ '6.0.5' ],
1997 silly audit   'just-diff': [ '6.0.2' ],
1997 silly audit   'just-diff-apply': [ '5.5.0' ],
1997 silly audit   'find-up': [ '6.3.0' ],
1997 silly audit   'locate-path': [ '7.2.0' ],
1997 silly audit   'path-exists': [ '5.0.0' ],
1997 silly audit   'p-locate': [ '6.0.0' ],
1997 silly audit   'p-limit': [ '4.0.0' ],
1997 silly audit   'yocto-queue': [ '1.2.1' ],
1997 silly audit   cssesc: [ '3.0.0' ],
1997 silly audit   'util-deprecate': [ '1.0.2' ],
1997 silly audit   'err-code': [ '2.0.3' ],
1997 silly audit   retry: [ '0.12.0' ],
1997 silly audit   '@protobufjs/aspromise': [ '1.1.2' ],
1997 silly audit   '@protobufjs/base64': [ '1.1.2' ],
1997 silly audit   '@protobufjs/codegen': [ '2.0.4' ],
1997 silly audit   '@protobufjs/eventemitter': [ '1.1.0' ],
1997 silly audit   '@protobufjs/fetch': [ '1.1.0' ],
1997 silly audit   '@protobufjs/float': [ '1.0.2' ],
1997 silly audit   '@protobufjs/inquire': [ '1.1.0' ],
1997 silly audit   '@protobufjs/path': [ '1.1.2' ],
1997 silly audit   '@protobufjs/pool': [ '1.1.0' ],
1997 silly audit   '@protobufjs/utf8': [ '1.1.0' ],
1997 silly audit   resolve: [ '1.22.10' ],
1997 silly audit   'is-core-module': [ '2.16.1' ],
1997 silly audit   'path-parse': [ '1.0.7' ],
1997 silly audit   'supports-preserve-symlinks-flag': [ '1.0.0' ],
1997 silly audit   hasown: [ '2.0.2' ],
1997 silly audit   'function-bind': [ '1.1.2' ],
1997 silly audit   'shebang-regex': [ '3.0.0' ],
1997 silly audit   '@sigstore/bundle': [ '2.3.2' ],
1997 silly audit   '@sigstore/core': [ '1.1.0' ],
1997 silly audit   '@sigstore/protobuf-specs': [ '0.3.3' ],
1997 silly audit   '@sigstore/sign': [ '2.3.2' ],
1997 silly audit   '@sigstore/tuf': [ '2.3.4' ],
1997 silly audit   '@sigstore/verify': [ '1.2.1' ],
1997 silly audit   'tuf-js': [ '2.2.1' ],
1997 silly audit   socks: [ '2.8.7' ],
1997 silly audit   'ip-address': [ '10.0.1' ],
1997 silly audit   'smart-buffer': [ '4.2.0' ],
1997 silly audit   'buffer-from': [ '1.1.2' ],
1997 silly audit   'source-map': [ '0.6.1' ],
1997 silly audit   eastasianwidth: [ '0.2.0' ],
1997 silly audit   'emoji-regex': [ '9.2.2', '8.0.0' ],
1997 silly audit   'is-fullwidth-code-point': [ '3.0.0' ],
1997 silly audit   'ansi-regex': [ '6.2.2', '5.0.1' ],
1997 silly audit   chownr: [ '2.0.0' ],
1997 silly audit   mkdirp: [ '1.0.4' ],
1997 silly audit   '@tufjs/models': [ '2.0.1' ],
1997 silly audit   '@tufjs/canonical-json': [ '2.0.0' ],
1997 silly audit   'unique-slug': [ '4.0.0' ],
1997 silly audit   imurmurhash: [ '0.1.4' ],
1997 silly audit   'spdx-correct': [ '3.2.0' ],
1997 silly audit   'spdx-expression-parse': [ '3.0.1' ],
1997 silly audit   'spdx-license-ids': [ '3.0.22' ],
1997 silly audit   'spdx-exceptions': [ '2.5.0' ],
1997 silly audit   isexe: [ '3.1.1', '2.0.0' ],
1997 silly audit   'ansi-styles': [ '6.2.3', '4.3.0' ],
1997 silly audit   cliui: [ '8.0.1' ],
1997 silly audit   escalade: [ '3.2.0' ],
1997 silly audit   'get-caller-file': [ '2.0.5' ],
1997 silly audit   'require-directory': [ '2.1.1' ],
1997 silly audit   y18n: [ '5.0.8' ],
1997 silly audit   'yargs-parser': [ '21.1.1' ],
1997 silly audit   pump: [ '3.0.3' ],
1997 silly audit   'end-of-stream': [ '1.4.5' ],
1997 silly audit   once: [ '1.4.0' ],
1997 silly audit   wrappy: [ '1.0.2' ],
1997 silly audit   'color-convert': [ '2.0.1' ],
1997 silly audit   'color-name': [ '1.1.4' ]
1997 silly audit }
1998 http cache color-name@https://registry.npmjs.org/color-name/-/color-name-1.1.4.tgz 0ms (cache hit)
1999 http cache color-convert@https://registry.npmjs.org/color-convert/-/color-convert-2.0.1.tgz 0ms (cache hit)
2000 http cache wrappy@https://registry.npmjs.org/wrappy/-/wrappy-1.0.2.tgz 0ms (cache hit)
2001 http cache once@https://registry.npmjs.org/once/-/once-1.4.0.tgz 0ms (cache hit)
2002 http cache end-of-stream@https://registry.npmjs.org/end-of-stream/-/end-of-stream-1.4.5.tgz 0ms (cache hit)
2003 http cache pump@https://registry.npmjs.org/pump/-/pump-3.0.3.tgz 0ms (cache hit)
2004 http cache yargs-parser@https://registry.npmjs.org/yargs-parser/-/yargs-parser-21.1.1.tgz 0ms (cache hit)
2005 http cache y18n@https://registry.npmjs.org/y18n/-/y18n-5.0.8.tgz 0ms (cache hit)
2006 http cache require-directory@https://registry.npmjs.org/require-directory/-/require-directory-2.1.1.tgz 0ms (cache hit)
2007 http cache get-caller-file@https://registry.npmjs.org/get-caller-file/-/get-caller-file-2.0.5.tgz 0ms (cache hit)
2008 http cache escalade@https://registry.npmjs.org/escalade/-/escalade-3.2.0.tgz 0ms (cache hit)
2009 http cache cliui@https://registry.npmjs.org/cliui/-/cliui-8.0.1.tgz 0ms (cache hit)
2010 http cache ansi-styles@https://registry.npmjs.org/ansi-styles/-/ansi-styles-6.2.3.tgz 1ms (cache hit)
2011 http cache isexe@https://registry.npmjs.org/isexe/-/isexe-3.1.1.tgz 0ms (cache hit)
2012 http cache spdx-exceptions@https://registry.npmjs.org/spdx-exceptions/-/spdx-exceptions-2.5.0.tgz 0ms (cache hit)
2013 http cache spdx-license-ids@https://registry.npmjs.org/spdx-license-ids/-/spdx-license-ids-3.0.22.tgz 0ms (cache hit)
2014 http cache spdx-expression-parse@https://registry.npmjs.org/spdx-expression-parse/-/spdx-expression-parse-3.0.1.tgz 0ms (cache hit)
2015 http cache spdx-correct@https://registry.npmjs.org/spdx-correct/-/spdx-correct-3.2.0.tgz 0ms (cache hit)
2016 http cache imurmurhash@https://registry.npmjs.org/imurmurhash/-/imurmurhash-0.1.4.tgz 0ms (cache hit)
2017 http cache unique-slug@https://registry.npmjs.org/unique-slug/-/unique-slug-4.0.0.tgz 0ms (cache hit)
2018 http cache @tufjs/canonical-json@https://registry.npmjs.org/@tufjs/canonical-json/-/canonical-json-2.0.0.tgz 0ms (cache hit)
2019 http cache @tufjs/models@https://registry.npmjs.org/@tufjs/models/-/models-2.0.1.tgz 0ms (cache hit)
2020 http cache mkdirp@https://registry.npmjs.org/mkdirp/-/mkdirp-1.0.4.tgz 0ms (cache hit)
2021 http cache chownr@https://registry.npmjs.org/chownr/-/chownr-2.0.0.tgz 0ms (cache hit)
2022 http cache ansi-regex@https://registry.npmjs.org/ansi-regex/-/ansi-regex-6.2.2.tgz 0ms (cache hit)
2023 http cache is-fullwidth-code-point@https://registry.npmjs.org/is-fullwidth-code-point/-/is-fullwidth-code-point-3.0.0.tgz 0ms (cache hit)
2024 http cache emoji-regex@https://registry.npmjs.org/emoji-regex/-/emoji-regex-9.2.2.tgz 0ms (cache hit)
2025 http cache eastasianwidth@https://registry.npmjs.org/eastasianwidth/-/eastasianwidth-0.2.0.tgz 0ms (cache hit)
2026 http cache source-map@https://registry.npmjs.org/source-map/-/source-map-0.6.1.tgz 0ms (cache hit)
2027 http cache buffer-from@https://registry.npmjs.org/buffer-from/-/buffer-from-1.1.2.tgz 0ms (cache hit)
2028 http cache smart-buffer@https://registry.npmjs.org/smart-buffer/-/smart-buffer-4.2.0.tgz 0ms (cache hit)
2029 http cache ip-address@https://registry.npmjs.org/ip-address/-/ip-address-10.0.1.tgz 0ms (cache hit)
2030 http cache socks@https://registry.npmjs.org/socks/-/socks-2.8.7.tgz 0ms (cache hit)
2031 http cache tuf-js@https://registry.npmjs.org/tuf-js/-/tuf-js-2.2.1.tgz 0ms (cache hit)
2032 http cache @sigstore/verify@https://registry.npmjs.org/@sigstore/verify/-/verify-1.2.1.tgz 0ms (cache hit)
2033 http cache @sigstore/tuf@https://registry.npmjs.org/@sigstore/tuf/-/tuf-2.3.4.tgz 0ms (cache hit)
2034 http cache @sigstore/sign@https://registry.npmjs.org/@sigstore/sign/-/sign-2.3.2.tgz 0ms (cache hit)
2035 http cache @sigstore/protobuf-specs@https://registry.npmjs.org/@sigstore/protobuf-specs/-/protobuf-specs-0.3.3.tgz 0ms (cache hit)
2036 http cache @sigstore/core@https://registry.npmjs.org/@sigstore/core/-/core-1.1.0.tgz 0ms (cache hit)
2037 http cache @sigstore/bundle@https://registry.npmjs.org/@sigstore/bundle/-/bundle-2.3.2.tgz 0ms (cache hit)
2038 http cache shebang-regex@https://registry.npmjs.org/shebang-regex/-/shebang-regex-3.0.0.tgz 0ms (cache hit)
2039 http cache function-bind@https://registry.npmjs.org/function-bind/-/function-bind-1.1.2.tgz 0ms (cache hit)
2040 http cache hasown@https://registry.npmjs.org/hasown/-/hasown-2.0.2.tgz 0ms (cache hit)
2041 http cache supports-preserve-symlinks-flag@https://registry.npmjs.org/supports-preserve-symlinks-flag/-/supports-preserve-symlinks-flag-1.0.0.tgz 0ms (cache hit)
2042 http cache path-parse@https://registry.npmjs.org/path-parse/-/path-parse-1.0.7.tgz 0ms (cache hit)
2043 http cache is-core-module@https://registry.npmjs.org/is-core-module/-/is-core-module-2.16.1.tgz 0ms (cache hit)
2044 http cache resolve@https://registry.npmjs.org/resolve/-/resolve-1.22.10.tgz 0ms (cache hit)
2045 http cache @protobufjs/utf8@https://registry.npmjs.org/@protobufjs/utf8/-/utf8-1.1.0.tgz 0ms (cache hit)
2046 http cache @protobufjs/pool@https://registry.npmjs.org/@protobufjs/pool/-/pool-1.1.0.tgz 0ms (cache hit)
2047 http cache @protobufjs/path@https://registry.npmjs.org/@protobufjs/path/-/path-1.1.2.tgz 0ms (cache hit)
2048 http cache @protobufjs/inquire@https://registry.npmjs.org/@protobufjs/inquire/-/inquire-1.1.0.tgz 0ms (cache hit)
2049 http cache @protobufjs/float@https://registry.npmjs.org/@protobufjs/float/-/float-1.0.2.tgz 0ms (cache hit)
2050 http cache @protobufjs/fetch@https://registry.npmjs.org/@protobufjs/fetch/-/fetch-1.1.0.tgz 0ms (cache hit)
2051 http cache @protobufjs/eventemitter@https://registry.npmjs.org/@protobufjs/eventemitter/-/eventemitter-1.1.0.tgz 0ms (cache hit)
2052 http cache @protobufjs/codegen@https://registry.npmjs.org/@protobufjs/codegen/-/codegen-2.0.4.tgz 0ms (cache hit)
2053 http cache @protobufjs/base64@https://registry.npmjs.org/@protobufjs/base64/-/base64-1.1.2.tgz 0ms (cache hit)
2054 http cache @protobufjs/aspromise@https://registry.npmjs.org/@protobufjs/aspromise/-/aspromise-1.1.2.tgz 0ms (cache hit)
2055 http cache retry@https://registry.npmjs.org/retry/-/retry-0.12.0.tgz 0ms (cache hit)
2056 http cache err-code@https://registry.npmjs.org/err-code/-/err-code-2.0.3.tgz 0ms (cache hit)
2057 http cache util-deprecate@https://registry.npmjs.org/util-deprecate/-/util-deprecate-1.0.2.tgz 0ms (cache hit)
2058 http cache cssesc@https://registry.npmjs.org/cssesc/-/cssesc-3.0.0.tgz 0ms (cache hit)
2059 http cache yocto-queue@https://registry.npmjs.org/yocto-queue/-/yocto-queue-1.2.1.tgz 0ms (cache hit)
2060 http cache p-limit@https://registry.npmjs.org/p-limit/-/p-limit-4.0.0.tgz 0ms (cache hit)
2061 http cache p-locate@https://registry.npmjs.org/p-locate/-/p-locate-6.0.0.tgz 0ms (cache hit)
2062 http cache path-exists@https://registry.npmjs.org/path-exists/-/path-exists-5.0.0.tgz 0ms (cache hit)
2063 http cache locate-path@https://registry.npmjs.org/locate-path/-/locate-path-7.2.0.tgz 0ms (cache hit)
2064 http cache find-up@https://registry.npmjs.org/find-up/-/find-up-6.3.0.tgz 0ms (cache hit)
2065 http cache just-diff-apply@https://registry.npmjs.org/just-diff-apply/-/just-diff-apply-5.5.0.tgz 0ms (cache hit)
2066 http cache just-diff@https://registry.npmjs.org/just-diff/-/just-diff-6.0.2.tgz 0ms (cache hit)
2067 http cache ignore-walk@https://registry.npmjs.org/ignore-walk/-/ignore-walk-6.0.5.tgz 0ms (cache hit)
2068 http cache sigstore@https://registry.npmjs.org/sigstore/-/sigstore-2.3.1.tgz 0ms (cache hit)
2069 http cache npm-packlist@https://registry.npmjs.org/npm-packlist/-/npm-packlist-8.0.2.tgz 0ms (cache hit)
2070 http cache indent-string@https://registry.npmjs.org/indent-string/-/indent-string-4.0.0.tgz 0ms (cache hit)
2071 http cache clean-stack@https://registry.npmjs.org/clean-stack/-/clean-stack-2.2.0.tgz 0ms (cache hit)
2072 http cache aggregate-error@https://registry.npmjs.org/aggregate-error/-/aggregate-error-3.1.0.tgz 0ms (cache hit)
2073 http cache mimic-fn@https://registry.npmjs.org/mimic-fn/-/mimic-fn-2.1.0.tgz 0ms (cache hit)
2074 http cache jsonparse@https://registry.npmjs.org/jsonparse/-/jsonparse-1.3.1.tgz 0ms (cache hit)
2075 http cache validate-npm-package-name@https://registry.npmjs.org/validate-npm-package-name/-/validate-npm-package-name-5.0.1.tgz 0ms (cache hit)
2076 http cache validate-npm-package-license@https://registry.npmjs.org/validate-npm-package-license/-/validate-npm-package-license-3.0.4.tgz 0ms (cache hit)
2077 http cache abbrev@https://registry.npmjs.org/abbrev/-/abbrev-2.0.0.tgz 0ms (cache hit)
2078 http cache yallist@https://registry.npmjs.org/yallist/-/yallist-4.0.0.tgz 0ms (cache hit)
2079 http cache safer-buffer@https://registry.npmjs.org/safer-buffer/-/safer-buffer-2.1.2.tgz 0ms (cache hit)
2080 http cache iconv-lite@https://registry.npmjs.org/iconv-lite/-/iconv-lite-0.6.3.tgz 0ms (cache hit)
2081 http cache minipass-sized@https://registry.npmjs.org/minipass-sized/-/minipass-sized-1.0.3.tgz 0ms (cache hit)
2082 http cache encoding@https://registry.npmjs.org/encoding/-/encoding-0.1.13.tgz 0ms (cache hit)
2083 http cache ms@https://registry.npmjs.org/ms/-/ms-2.1.3.tgz 0ms (cache hit)
2084 http cache debug@https://registry.npmjs.org/debug/-/debug-4.4.3.tgz 0ms (cache hit)
2085 http cache socks-proxy-agent@https://registry.npmjs.org/socks-proxy-agent/-/socks-proxy-agent-8.0.5.tgz 0ms (cache hit)
2086 http cache https-proxy-agent@https://registry.npmjs.org/https-proxy-agent/-/https-proxy-agent-7.0.6.tgz 0ms (cache hit)
2087 http cache http-proxy-agent@https://registry.npmjs.org/http-proxy-agent/-/http-proxy-agent-7.0.2.tgz 0ms (cache hit)
2088 http cache agent-base@https://registry.npmjs.org/agent-base/-/agent-base-7.1.4.tgz 0ms (cache hit)
2089 http cache negotiator@https://registry.npmjs.org/negotiator/-/negotiator-0.6.4.tgz 0ms (cache hit)
2090 http cache minipass-fetch@https://registry.npmjs.org/minipass-fetch/-/minipass-fetch-3.0.5.tgz 0ms (cache hit)
2091 http cache is-lambda@https://registry.npmjs.org/is-lambda/-/is-lambda-1.0.1.tgz 0ms (cache hit)
2092 http cache @npmcli/agent@https://registry.npmjs.org/@npmcli/agent/-/agent-2.2.2.tgz 0ms (cache hit)
2093 http cache make-fetch-happen@https://registry.npmjs.org/make-fetch-happen/-/make-fetch-happen-13.0.1.tgz 0ms (cache hit)
2094 http cache graceful-fs@https://registry.npmjs.org/graceful-fs/-/graceful-fs-4.2.11.tgz 0ms (cache hit)
2095 http cache exponential-backoff@https://registry.npmjs.org/exponential-backoff/-/exponential-backoff-3.1.3.tgz 0ms (cache hit)
2096 http cache env-paths@https://registry.npmjs.org/env-paths/-/env-paths-2.2.1.tgz 0ms (cache hit)
2097 http cache balanced-match@https://registry.npmjs.org/balanced-match/-/balanced-match-1.0.2.tgz 0ms (cache hit)
2098 http cache brace-expansion@https://registry.npmjs.org/brace-expansion/-/brace-expansion-2.0.2.tgz 0ms (cache hit)
2099 http cache json-buffer@https://registry.npmjs.org/json-buffer/-/json-buffer-3.0.1.tgz 0ms (cache hit)
2100 http cache sprintf-js@https://registry.npmjs.org/sprintf-js/-/sprintf-js-1.0.3.tgz 0ms (cache hit)
2101 http cache minizlib@https://registry.npmjs.org/minizlib/-/minizlib-2.1.2.tgz 0ms (cache hit)
2102 http cache esprima@https://registry.npmjs.org/esprima/-/esprima-4.0.1.tgz 0ms (cache hit)
2103 http cache argparse@https://registry.npmjs.org/argparse/-/argparse-1.0.10.tgz 0ms (cache hit)
2104 http cache wrap-ansi-cjs@https://registry.npmjs.org/wrap-ansi/-/wrap-ansi-7.0.0.tgz 0ms (cache hit)
2105 http cache wrap-ansi@https://registry.npmjs.org/wrap-ansi/-/wrap-ansi-8.1.0.tgz 0ms (cache hit)
2106 http cache strip-ansi-cjs@https://registry.npmjs.org/strip-ansi/-/strip-ansi-6.0.1.tgz 0ms (cache hit)
2107 http cache strip-ansi@https://registry.npmjs.org/strip-ansi/-/strip-ansi-7.1.2.tgz 0ms (cache hit)
2108 http cache string-width-cjs@https://registry.npmjs.org/string-width/-/string-width-4.2.3.tgz 0ms (cache hit)
2109 http cache string-width@https://registry.npmjs.org/string-width/-/string-width-5.1.2.tgz 0ms (cache hit)
2110 http cache @pkgjs/parseargs@https://registry.npmjs.org/@pkgjs/parseargs/-/parseargs-0.11.0.tgz 0ms (cache hit)
2111 http cache @isaacs/cliui@https://registry.npmjs.org/@isaacs/cliui/-/cliui-8.0.2.tgz 0ms (cache hit)
2112 http cache module-details-from-path@https://registry.npmjs.org/module-details-from-path/-/module-details-from-path-1.0.4.tgz 0ms (cache hit)
2113 http cache cjs-module-lexer@https://registry.npmjs.org/cjs-module-lexer/-/cjs-module-lexer-1.4.3.tgz 0ms (cache hit)
2114 http cache acorn-import-attributes@https://registry.npmjs.org/acorn-import-attributes/-/acorn-import-attributes-1.9.5.tgz 0ms (cache hit)
2115 http cache acorn@https://registry.npmjs.org/acorn/-/acorn-8.15.0.tgz 0ms (cache hit)
2116 http cache resolve-alpn@https://registry.npmjs.org/resolve-alpn/-/resolve-alpn-1.2.1.tgz 0ms (cache hit)
2117 http cache quick-lru@https://registry.npmjs.org/quick-lru/-/quick-lru-5.1.1.tgz 0ms (cache hit)
2118 http cache mimic-response@https://registry.npmjs.org/mimic-response/-/mimic-response-1.0.1.tgz 0ms (cache hit)
2119 http cache normalize-url@https://registry.npmjs.org/normalize-url/-/normalize-url-6.1.0.tgz 0ms (cache hit)
2120 http cache keyv@https://registry.npmjs.org/keyv/-/keyv-4.5.4.tgz 0ms (cache hit)
2121 http cache http-cache-semantics@https://registry.npmjs.org/http-cache-semantics/-/http-cache-semantics-4.2.0.tgz 0ms (cache hit)
2122 http cache clone-response@https://registry.npmjs.org/clone-response/-/clone-response-1.0.3.tgz 0ms (cache hit)
2123 http cache @types/keyv@https://registry.npmjs.org/@types/keyv/-/keyv-3.1.4.tgz 0ms (cache hit)
2124 http cache @types/http-cache-semantics@https://registry.npmjs.org/@types/http-cache-semantics/-/http-cache-semantics-4.0.4.tgz 0ms (cache hit)
2125 http cache defer-to-connect@https://registry.npmjs.org/defer-to-connect/-/defer-to-connect-2.0.1.tgz 0ms (cache hit)
2126 http cache responselike@https://registry.npmjs.org/responselike/-/responselike-2.0.1.tgz 0ms (cache hit)
2127 http cache p-cancelable@https://registry.npmjs.org/p-cancelable/-/p-cancelable-2.1.1.tgz 0ms (cache hit)
2128 http cache lowercase-keys@https://registry.npmjs.org/lowercase-keys/-/lowercase-keys-2.0.0.tgz 0ms (cache hit)
2129 http cache http2-wrapper@https://registry.npmjs.org/http2-wrapper/-/http2-wrapper-1.0.3.tgz 0ms (cache hit)
2130 http cache decompress-response@https://registry.npmjs.org/decompress-response/-/decompress-response-6.0.0.tgz 0ms (cache hit)
2131 http cache cacheable-request@https://registry.npmjs.org/cacheable-request/-/cacheable-request-7.0.4.tgz 0ms (cache hit)
2132 http cache cacheable-lookup@https://registry.npmjs.org/cacheable-lookup/-/cacheable-lookup-5.0.4.tgz 0ms (cache hit)
2133 http cache @types/responselike@https://registry.npmjs.org/@types/responselike/-/responselike-1.0.3.tgz 0ms (cache hit)
2134 http cache @types/cacheable-request@https://registry.npmjs.org/@types/cacheable-request/-/cacheable-request-6.0.3.tgz 0ms (cache hit)
2135 http cache @szmarczak/http-timer@https://registry.npmjs.org/@szmarczak/http-timer/-/http-timer-4.0.6.tgz 0ms (cache hit)
2136 http cache @sindresorhus/is@https://registry.npmjs.org/@sindresorhus/is/-/is-4.6.0.tgz 0ms (cache hit)
2137 http cache path-scurry@https://registry.npmjs.org/path-scurry/-/path-scurry-1.11.1.tgz 0ms (cache hit)
2138 http cache package-json-from-dist@https://registry.npmjs.org/package-json-from-dist/-/package-json-from-dist-1.0.1.tgz 0ms (cache hit)
2139 http cache jackspeak@https://registry.npmjs.org/jackspeak/-/jackspeak-3.4.3.tgz 0ms (cache hit)
2140 http cache foreground-child@https://registry.npmjs.org/foreground-child/-/foreground-child-3.3.1.tgz 0ms (cache hit)
2141 http cache strnum@https://registry.npmjs.org/strnum/-/strnum-2.1.1.tgz 0ms (cache hit)
2142 http cache shebang-command@https://registry.npmjs.org/shebang-command/-/shebang-command-2.0.0.tgz 0ms (cache hit)
2143 http cache path-key@https://registry.npmjs.org/path-key/-/path-key-3.1.1.tgz 0ms (cache hit)
2144 http cache strip-final-newline@https://registry.npmjs.org/strip-final-newline/-/strip-final-newline-2.0.0.tgz 0ms (cache hit)
2145 http cache signal-exit@https://registry.npmjs.org/signal-exit/-/signal-exit-3.0.7.tgz 0ms (cache hit)
2146 http cache onetime@https://registry.npmjs.org/onetime/-/onetime-5.1.2.tgz 0ms (cache hit)
2147 http cache npm-run-path@https://registry.npmjs.org/npm-run-path/-/npm-run-path-4.0.1.tgz 0ms (cache hit)
2148 http cache merge-stream@https://registry.npmjs.org/merge-stream/-/merge-stream-2.0.0.tgz 0ms (cache hit)
2149 http cache is-stream@https://registry.npmjs.org/is-stream/-/is-stream-2.0.1.tgz 0ms (cache hit)
2150 http cache human-signals@https://registry.npmjs.org/human-signals/-/human-signals-2.1.0.tgz 0ms (cache hit)
2151 http cache get-stream@https://registry.npmjs.org/get-stream/-/get-stream-6.0.1.tgz 0ms (cache hit)
2152 http cache cross-spawn@https://registry.npmjs.org/cross-spawn/-/cross-spawn-7.0.6.tgz 0ms (cache hit)
2153 http cache unique-filename@https://registry.npmjs.org/unique-filename/-/unique-filename-3.0.0.tgz 0ms (cache hit)
2154 http cache tar@https://registry.npmjs.org/tar/-/tar-6.2.1.tgz 0ms (cache hit)
2155 http cache p-map@https://registry.npmjs.org/p-map/-/p-map-4.0.0.tgz 0ms (cache hit)
2156 http cache minipass-flush@https://registry.npmjs.org/minipass-flush/-/minipass-flush-1.0.5.tgz 0ms (cache hit)
2157 http cache minipass-collect@https://registry.npmjs.org/minipass-collect/-/minipass-collect-2.0.1.tgz 0ms (cache hit)
2158 http cache minipass@https://registry.npmjs.org/minipass/-/minipass-7.1.2.tgz 0ms (cache hit)
2159 http cache minipass-pipeline@https://registry.npmjs.org/minipass-pipeline/-/minipass-pipeline-1.2.4.tgz 0ms (cache hit)
2160 http cache fs-minipass@https://registry.npmjs.org/fs-minipass/-/fs-minipass-3.0.3.tgz 0ms (cache hit)
2161 http cache write-file-atomic@https://registry.npmjs.org/write-file-atomic/-/write-file-atomic-5.0.1.tgz 0ms (cache hit)
2162 http cache read-cmd-shim@https://registry.npmjs.org/read-cmd-shim/-/read-cmd-shim-4.0.0.tgz 0ms (cache hit)
2163 http cache cmd-shim@https://registry.npmjs.org/cmd-shim/-/cmd-shim-6.0.3.tgz 0ms (cache hit)
2164 http cache undici-types@https://registry.npmjs.org/undici-types/-/undici-types-5.26.5.tgz 0ms (cache hit)
2165 http cache @smithy/querystring-parser@https://registry.npmjs.org/@smithy/querystring-parser/-/querystring-parser-4.2.2.tgz 0ms (cache hit)
2166 http cache @smithy/util-hex-encoding@https://registry.npmjs.org/@smithy/util-hex-encoding/-/util-hex-encoding-4.2.0.tgz 0ms (cache hit)
2167 http cache @smithy/is-array-buffer@https://registry.npmjs.org/@smithy/is-array-buffer/-/is-array-buffer-4.2.0.tgz 0ms (cache hit)
2168 http cache @smithy/util-uri-escape@https://registry.npmjs.org/@smithy/util-uri-escape/-/util-uri-escape-4.2.0.tgz 0ms (cache hit)
2169 http cache @smithy/abort-controller@https://registry.npmjs.org/@smithy/abort-controller/-/abort-controller-4.2.2.tgz 0ms (cache hit)
2170 http cache @smithy/service-error-classification@https://registry.npmjs.org/@smithy/service-error-classification/-/service-error-classification-4.2.2.tgz 0ms (cache hit)
2171 http cache @smithy/util-buffer-from@https://registry.npmjs.org/@smithy/util-buffer-from/-/util-buffer-from-4.2.0.tgz 0ms (cache hit)
2172 http cache @smithy/querystring-builder@https://registry.npmjs.org/@smithy/querystring-builder/-/querystring-builder-4.2.2.tgz 0ms (cache hit)
2173 http cache @opentelemetry/propagator-jaeger@https://registry.npmjs.org/@opentelemetry/propagator-jaeger/-/propagator-jaeger-1.30.1.tgz 0ms (cache hit)
2174 http cache @opentelemetry/propagator-b3@https://registry.npmjs.org/@opentelemetry/propagator-b3/-/propagator-b3-1.30.1.tgz 0ms (cache hit)
2175 http cache @opentelemetry/context-async-hooks@https://registry.npmjs.org/@opentelemetry/context-async-hooks/-/context-async-hooks-1.30.1.tgz 0ms (cache hit)
2176 http cache shimmer@https://registry.npmjs.org/shimmer/-/shimmer-1.2.1.tgz 0ms (cache hit)
2177 http cache require-in-the-middle@https://registry.npmjs.org/require-in-the-middle/-/require-in-the-middle-7.5.2.tgz 0ms (cache hit)
2178 http cache import-in-the-middle@https://registry.npmjs.org/import-in-the-middle/-/import-in-the-middle-1.15.0.tgz 0ms (cache hit)
2179 http cache @types/shimmer@https://registry.npmjs.org/@types/shimmer/-/shimmer-1.2.0.tgz 0ms (cache hit)
2180 http cache @opentelemetry/api-logs@https://registry.npmjs.org/@opentelemetry/api-logs/-/api-logs-0.55.0.tgz 0ms (cache hit)
2181 http cache @opentelemetry/semantic-conventions@https://registry.npmjs.org/@opentelemetry/semantic-conventions/-/semantic-conventions-1.28.0.tgz 0ms (cache hit)
2182 http cache @opentelemetry/core@https://registry.npmjs.org/@opentelemetry/core/-/core-1.30.1.tgz 0ms (cache hit)
2183 http cache node-gyp@https://registry.npmjs.org/node-gyp/-/node-gyp-10.3.1.tgz 0ms (cache hit)
2184 http cache postcss-selector-parser@https://registry.npmjs.org/postcss-selector-parser/-/postcss-selector-parser-6.1.2.tgz 0ms (cache hit)
2185 http cache which@https://registry.npmjs.org/which/-/which-4.0.0.tgz 0ms (cache hit)
2186 http cache promise-retry@https://registry.npmjs.org/promise-retry/-/promise-retry-2.0.1.tgz 0ms (cache hit)
2187 http cache promise-inflight@https://registry.npmjs.org/promise-inflight/-/promise-inflight-1.0.1.tgz 0ms (cache hit)
2188 http cache @npmcli/promise-spawn@https://registry.npmjs.org/@npmcli/promise-spawn/-/promise-spawn-7.0.2.tgz 0ms (cache hit)
2189 http cache @npmcli/git@https://registry.npmjs.org/@npmcli/git/-/git-5.0.8.tgz 0ms (cache hit)
2190 http cache glob@https://registry.npmjs.org/glob/-/glob-10.4.5.tgz 0ms (cache hit)
2191 http cache npm-normalize-package-bin@https://registry.npmjs.org/npm-normalize-package-bin/-/npm-normalize-package-bin-3.0.1.tgz 0ms (cache hit)
2192 http cache npm-bundled@https://registry.npmjs.org/npm-bundled/-/npm-bundled-3.0.1.tgz 0ms (cache hit)
2193 http cache walk-up-path@https://registry.npmjs.org/walk-up-path/-/walk-up-path-3.0.1.tgz 0ms (cache hit)
2194 http cache treeverse@https://registry.npmjs.org/treeverse/-/treeverse-3.0.0.tgz 0ms (cache hit)
2195 http cache ssri@https://registry.npmjs.org/ssri/-/ssri-10.0.6.tgz 0ms (cache hit)
2196 http cache read-package-json-fast@https://registry.npmjs.org/read-package-json-fast/-/read-package-json-fast-3.0.2.tgz 0ms (cache hit)
2197 http cache promise-call-limit@https://registry.npmjs.org/promise-call-limit/-/promise-call-limit-3.0.2.tgz 0ms (cache hit)
2198 http cache promise-all-reject-late@https://registry.npmjs.org/promise-all-reject-late/-/promise-all-reject-late-1.0.1.tgz 0ms (cache hit)
2199 http cache proggy@https://registry.npmjs.org/proggy/-/proggy-2.0.0.tgz 0ms (cache hit)
2200 http cache proc-log@https://registry.npmjs.org/proc-log/-/proc-log-4.2.0.tgz 0ms (cache hit)
2201 http cache parse-conflict-json@https://registry.npmjs.org/parse-conflict-json/-/parse-conflict-json-3.0.1.tgz 0ms (cache hit)
2202 http cache pacote@https://registry.npmjs.org/pacote/-/pacote-18.0.6.tgz 0ms (cache hit)
2203 http cache npm-registry-fetch@https://registry.npmjs.org/npm-registry-fetch/-/npm-registry-fetch-17.1.0.tgz 0ms (cache hit)
2204 http cache npm-pick-manifest@https://registry.npmjs.org/npm-pick-manifest/-/npm-pick-manifest-9.1.0.tgz 0ms (cache hit)
2205 http cache npm-package-arg@https://registry.npmjs.org/npm-package-arg/-/npm-package-arg-11.0.3.tgz 0ms (cache hit)
2206 http cache npm-install-checks@https://registry.npmjs.org/npm-install-checks/-/npm-install-checks-6.3.0.tgz 0ms (cache hit)
2207 http cache nopt@https://registry.npmjs.org/nopt/-/nopt-7.2.1.tgz 0ms (cache hit)
2208 http cache minimatch@https://registry.npmjs.org/minimatch/-/minimatch-9.0.5.tgz 0ms (cache hit)
2209 http cache lru-cache@https://registry.npmjs.org/lru-cache/-/lru-cache-10.4.3.tgz 0ms (cache hit)
2210 http cache json-stringify-nice@https://registry.npmjs.org/json-stringify-nice/-/json-stringify-nice-1.1.4.tgz 1ms (cache hit)
2211 http cache json-parse-even-better-errors@https://registry.npmjs.org/json-parse-even-better-errors/-/json-parse-even-better-errors-3.0.2.tgz 0ms (cache hit)
2212 http cache hosted-git-info@https://registry.npmjs.org/hosted-git-info/-/hosted-git-info-7.0.2.tgz 0ms (cache hit)
2213 http cache common-ancestor-path@https://registry.npmjs.org/common-ancestor-path/-/common-ancestor-path-1.0.1.tgz 0ms (cache hit)
2214 http cache cacache@https://registry.npmjs.org/cacache/-/cacache-18.0.4.tgz 0ms (cache hit)
2215 http cache bin-links@https://registry.npmjs.org/bin-links/-/bin-links-4.0.4.tgz 0ms (cache hit)
2216 http cache @npmcli/run-script@https://registry.npmjs.org/@npmcli/run-script/-/run-script-8.1.0.tgz 0ms (cache hit)
2217 http cache @npmcli/redact@https://registry.npmjs.org/@npmcli/redact/-/redact-2.0.1.tgz 0ms (cache hit)
2218 http cache @npmcli/query@https://registry.npmjs.org/@npmcli/query/-/query-3.1.0.tgz 0ms (cache hit)
2219 http cache @npmcli/package-json@https://registry.npmjs.org/@npmcli/package-json/-/package-json-5.2.1.tgz 0ms (cache hit)
2220 http cache @npmcli/node-gyp@https://registry.npmjs.org/@npmcli/node-gyp/-/node-gyp-3.0.0.tgz 0ms (cache hit)
2221 http cache @npmcli/name-from-folder@https://registry.npmjs.org/@npmcli/name-from-folder/-/name-from-folder-2.0.0.tgz 0ms (cache hit)
2222 http cache @npmcli/metavuln-calculator@https://registry.npmjs.org/@npmcli/metavuln-calculator/-/metavuln-calculator-7.1.1.tgz 0ms (cache hit)
2223 http cache @npmcli/map-workspaces@https://registry.npmjs.org/@npmcli/map-workspaces/-/map-workspaces-3.0.6.tgz 0ms (cache hit)
2224 http cache @npmcli/installed-package-contents@https://registry.npmjs.org/@npmcli/installed-package-contents/-/installed-package-contents-2.1.0.tgz 0ms (cache hit)
2225 http cache @npmcli/fs@https://registry.npmjs.org/@npmcli/fs/-/fs-3.1.1.tgz 0ms (cache hit)
2226 http cache @isaacs/string-locale-compare@https://registry.npmjs.org/@isaacs/string-locale-compare/-/string-locale-compare-1.1.0.tgz 0ms (cache hit)
2227 http cache yargs@https://registry.npmjs.org/yargs/-/yargs-17.7.2.tgz 0ms (cache hit)
2228 http cache protobufjs@https://registry.npmjs.org/protobufjs/-/protobufjs-7.5.4.tgz 0ms (cache hit)
2229 http cache long@https://registry.npmjs.org/long/-/long-5.3.2.tgz 0ms (cache hit)
2230 http cache lodash.camelcase@https://registry.npmjs.org/lodash.camelcase/-/lodash.camelcase-4.3.0.tgz 0ms (cache hit)
2231 http cache @js-sdsl/ordered-map@https://registry.npmjs.org/@js-sdsl/ordered-map/-/ordered-map-4.4.2.tgz 0ms (cache hit)
2232 http cache @grpc/proto-loader@https://registry.npmjs.org/@grpc/proto-loader/-/proto-loader-0.8.0.tgz 0ms (cache hit)
2233 http cache upath@https://registry.npmjs.org/upath/-/upath-1.2.0.tgz 0ms (cache hit)
2234 http cache tmp@https://registry.npmjs.org/tmp/-/tmp-0.2.5.tgz 0ms (cache hit)
2235 http cache source-map-support@https://registry.npmjs.org/source-map-support/-/source-map-support-0.5.21.tgz 0ms (cache hit)
2236 http cache require-from-string@https://registry.npmjs.org/require-from-string/-/require-from-string-2.0.2.tgz 0ms (cache hit)
2237 http cache pkg-dir@https://registry.npmjs.org/pkg-dir/-/pkg-dir-7.0.0.tgz 0ms (cache hit)
2238 http cache picomatch@https://registry.npmjs.org/picomatch/-/picomatch-3.0.1.tgz 0ms (cache hit)
2239 http cache normalize-package-data@https://registry.npmjs.org/normalize-package-data/-/normalize-package-data-6.0.2.tgz 0ms (cache hit)
2240 http cache minimist@https://registry.npmjs.org/minimist/-/minimist-1.2.8.tgz 0ms (cache hit)
2241 http cache js-yaml@https://registry.npmjs.org/js-yaml/-/js-yaml-3.14.1.tgz 0ms (cache hit)
2242 http cache ini@https://registry.npmjs.org/ini/-/ini-2.0.0.tgz 0ms (cache hit)
2243 http cache got@https://registry.npmjs.org/got/-/got-11.8.6.tgz 0ms (cache hit)
2244 http cache google-protobuf@https://registry.npmjs.org/google-protobuf/-/google-protobuf-3.21.4.tgz 0ms (cache hit)
2245 http cache fdir@https://registry.npmjs.org/fdir/-/fdir-6.5.0.tgz 0ms (cache hit)
2246 http cache execa@https://registry.npmjs.org/execa/-/execa-5.1.1.tgz 0ms (cache hit)
2247 http cache @types/tmp@https://registry.npmjs.org/@types/tmp/-/tmp-0.2.6.tgz 0ms (cache hit)
2248 http cache @types/semver@https://registry.npmjs.org/@types/semver/-/semver-7.7.1.tgz 0ms (cache hit)
2249 http cache @types/google-protobuf@https://registry.npmjs.org/@types/google-protobuf/-/google-protobuf-3.15.12.tgz 0ms (cache hit)
2250 http cache @opentelemetry/sdk-trace-node@https://registry.npmjs.org/@opentelemetry/sdk-trace-node/-/sdk-trace-node-1.30.1.tgz 0ms (cache hit)
2251 http cache @opentelemetry/sdk-trace-base@https://registry.npmjs.org/@opentelemetry/sdk-trace-base/-/sdk-trace-base-1.30.1.tgz 0ms (cache hit)
2252 http cache @opentelemetry/resources@https://registry.npmjs.org/@opentelemetry/resources/-/resources-1.30.1.tgz 0ms (cache hit)
2253 http cache @opentelemetry/instrumentation-grpc@https://registry.npmjs.org/@opentelemetry/instrumentation-grpc/-/instrumentation-grpc-0.55.0.tgz 0ms (cache hit)
2254 http cache @opentelemetry/instrumentation@https://registry.npmjs.org/@opentelemetry/instrumentation/-/instrumentation-0.55.0.tgz 0ms (cache hit)
2255 http cache @opentelemetry/exporter-zipkin@https://registry.npmjs.org/@opentelemetry/exporter-zipkin/-/exporter-zipkin-1.30.1.tgz 0ms (cache hit)
2256 http cache @opentelemetry/api@https://registry.npmjs.org/@opentelemetry/api/-/api-1.9.0.tgz 0ms (cache hit)
2257 http cache @npmcli/arborist@https://registry.npmjs.org/@npmcli/arborist/-/arborist-7.5.4.tgz 0ms (cache hit)
2258 http cache @logdna/tail-file@https://registry.npmjs.org/@logdna/tail-file/-/tail-file-2.2.0.tgz 0ms (cache hit)
2259 http cache @grpc/grpc-js@https://registry.npmjs.org/@grpc/grpc-js/-/grpc-js-1.14.0.tgz 0ms (cache hit)
2260 http cache semver@https://registry.npmjs.org/semver/-/semver-5.7.2.tgz 0ms (cache hit)
2261 http cache fast-xml-parser@https://registry.npmjs.org/fast-xml-parser/-/fast-xml-parser-5.2.5.tgz 0ms (cache hit)
2262 http cache bowser@https://registry.npmjs.org/bowser/-/bowser-2.12.1.tgz 0ms (cache hit)
2263 http cache @smithy/util-config-provider@https://registry.npmjs.org/@smithy/util-config-provider/-/util-config-provider-4.2.0.tgz 0ms (cache hit)
2264 http cache @aws/lambda-invoke-store@https://registry.npmjs.org/@aws/lambda-invoke-store/-/lambda-invoke-store-0.0.1.tgz 0ms (cache hit)
2265 http cache @aws-sdk/token-providers@https://registry.npmjs.org/@aws-sdk/token-providers/-/token-providers-3.908.0.tgz 0ms (cache hit)
2266 http cache @aws-sdk/client-sso@https://registry.npmjs.org/@aws-sdk/client-sso/-/client-sso-3.908.0.tgz 0ms (cache hit)
2267 http cache @aws-sdk/nested-clients@https://registry.npmjs.org/@aws-sdk/nested-clients/-/nested-clients-3.908.0.tgz 0ms (cache hit)
2268 http cache @smithy/util-stream@https://registry.npmjs.org/@smithy/util-stream/-/util-stream-4.5.2.tgz 0ms (cache hit)
2269 http cache @smithy/shared-ini-file-loader@https://registry.npmjs.org/@smithy/shared-ini-file-loader/-/shared-ini-file-loader-4.3.2.tgz 0ms (cache hit)
2270 http cache @smithy/credential-provider-imds@https://registry.npmjs.org/@smithy/credential-provider-imds/-/credential-provider-imds-4.2.2.tgz 0ms (cache hit)
2271 http cache @aws-sdk/credential-provider-web-identity@https://registry.npmjs.org/@aws-sdk/credential-provider-web-identity/-/credential-provider-web-identity-3.908.0.tgz 0ms (cache hit)
2272 http cache @aws-sdk/credential-provider-sso@https://registry.npmjs.org/@aws-sdk/credential-provider-sso/-/credential-provider-sso-3.908.0.tgz 0ms (cache hit)
2273 http cache @aws-sdk/credential-provider-process@https://registry.npmjs.org/@aws-sdk/credential-provider-process/-/credential-provider-process-3.908.0.tgz 0ms (cache hit)
2274 http cache @aws-sdk/credential-provider-ini@https://registry.npmjs.org/@aws-sdk/credential-provider-ini/-/credential-provider-ini-3.908.0.tgz 0ms (cache hit)
2275 http cache @aws-sdk/credential-provider-http@https://registry.npmjs.org/@aws-sdk/credential-provider-http/-/credential-provider-http-3.908.0.tgz 0ms (cache hit)
2276 http cache @aws-sdk/credential-provider-env@https://registry.npmjs.org/@aws-sdk/credential-provider-env/-/credential-provider-env-3.908.0.tgz 0ms (cache hit)
2277 http cache @smithy/signature-v4@https://registry.npmjs.org/@smithy/signature-v4/-/signature-v4-5.3.2.tgz 0ms (cache hit)
2278 http cache @smithy/property-provider@https://registry.npmjs.org/@smithy/property-provider/-/property-provider-4.2.2.tgz 0ms (cache hit)
2279 http cache @aws-sdk/xml-builder@https://registry.npmjs.org/@aws-sdk/xml-builder/-/xml-builder-3.901.0.tgz 0ms (cache hit)
2280 http cache @aws-sdk/util-locate-window@https://registry.npmjs.org/@aws-sdk/util-locate-window/-/util-locate-window-3.893.0.tgz 0ms (cache hit)
2281 http cache @aws-crypto/util@https://registry.npmjs.org/@aws-crypto/util/-/util-5.2.0.tgz 0ms (cache hit)
2282 http cache @aws-crypto/supports-web-crypto@https://registry.npmjs.org/@aws-crypto/supports-web-crypto/-/supports-web-crypto-5.2.0.tgz 0ms (cache hit)
2283 http cache tslib@https://registry.npmjs.org/tslib/-/tslib-2.8.1.tgz 0ms (cache hit)
2284 http cache @smithy/uuid@https://registry.npmjs.org/@smithy/uuid/-/uuid-1.1.0.tgz 0ms (cache hit)
2285 http cache @smithy/util-waiter@https://registry.npmjs.org/@smithy/util-waiter/-/util-waiter-4.2.2.tgz 0ms (cache hit)
2286 http cache @smithy/util-utf8@https://registry.npmjs.org/@smithy/util-utf8/-/util-utf8-4.2.0.tgz 0ms (cache hit)
2287 http cache @smithy/util-retry@https://registry.npmjs.org/@smithy/util-retry/-/util-retry-4.2.2.tgz 0ms (cache hit)
2288 http cache @smithy/util-middleware@https://registry.npmjs.org/@smithy/util-middleware/-/util-middleware-4.2.2.tgz 0ms (cache hit)
2289 http cache @smithy/util-endpoints@https://registry.npmjs.org/@smithy/util-endpoints/-/util-endpoints-3.2.2.tgz 0ms (cache hit)
2290 http cache @smithy/util-defaults-mode-node@https://registry.npmjs.org/@smithy/util-defaults-mode-node/-/util-defaults-mode-node-4.2.3.tgz 0ms (cache hit)
2291 http cache @smithy/util-defaults-mode-browser@https://registry.npmjs.org/@smithy/util-defaults-mode-browser/-/util-defaults-mode-browser-4.3.2.tgz 0ms (cache hit)
2292 http cache @smithy/util-body-length-node@https://registry.npmjs.org/@smithy/util-body-length-node/-/util-body-length-node-4.2.1.tgz 0ms (cache hit)
2293 http cache @smithy/util-body-length-browser@https://registry.npmjs.org/@smithy/util-body-length-browser/-/util-body-length-browser-4.2.0.tgz 0ms (cache hit)
2294 http cache @smithy/util-base64@https://registry.npmjs.org/@smithy/util-base64/-/util-base64-4.3.0.tgz 0ms (cache hit)
2295 http cache @smithy/url-parser@https://registry.npmjs.org/@smithy/url-parser/-/url-parser-4.2.2.tgz 0ms (cache hit)
2296 http cache @smithy/types@https://registry.npmjs.org/@smithy/types/-/types-4.7.1.tgz 0ms (cache hit)
2297 http cache @smithy/smithy-client@https://registry.npmjs.org/@smithy/smithy-client/-/smithy-client-4.8.1.tgz 0ms (cache hit)
2298 http cache @smithy/protocol-http@https://registry.npmjs.org/@smithy/protocol-http/-/protocol-http-5.3.2.tgz 0ms (cache hit)
2299 http cache @smithy/node-http-handler@https://registry.npmjs.org/@smithy/node-http-handler/-/node-http-handler-4.4.1.tgz 0ms (cache hit)
2300 http cache @smithy/node-config-provider@https://registry.npmjs.org/@smithy/node-config-provider/-/node-config-provider-4.3.2.tgz 0ms (cache hit)
2301 http cache @smithy/middleware-stack@https://registry.npmjs.org/@smithy/middleware-stack/-/middleware-stack-4.2.2.tgz 0ms (cache hit)
2302 http cache @smithy/middleware-serde@https://registry.npmjs.org/@smithy/middleware-serde/-/middleware-serde-4.2.2.tgz 0ms (cache hit)
2303 http cache @smithy/middleware-retry@https://registry.npmjs.org/@smithy/middleware-retry/-/middleware-retry-4.4.3.tgz 0ms (cache hit)
2304 http cache @smithy/middleware-endpoint@https://registry.npmjs.org/@smithy/middleware-endpoint/-/middleware-endpoint-4.3.3.tgz 0ms (cache hit)
2305 http cache @smithy/middleware-content-length@https://registry.npmjs.org/@smithy/middleware-content-length/-/middleware-content-length-4.2.2.tgz 0ms (cache hit)
2306 http cache @smithy/invalid-dependency@https://registry.npmjs.org/@smithy/invalid-dependency/-/invalid-dependency-4.2.2.tgz 0ms (cache hit)
2307 http cache @smithy/hash-node@https://registry.npmjs.org/@smithy/hash-node/-/hash-node-4.2.2.tgz 0ms (cache hit)
2308 http cache @smithy/fetch-http-handler@https://registry.npmjs.org/@smithy/fetch-http-handler/-/fetch-http-handler-5.3.3.tgz 0ms (cache hit)
2309 http cache @smithy/core@https://registry.npmjs.org/@smithy/core/-/core-3.16.1.tgz 0ms (cache hit)
2310 http cache @smithy/config-resolver@https://registry.npmjs.org/@smithy/config-resolver/-/config-resolver-4.3.2.tgz 0ms (cache hit)
2311 http cache @aws-sdk/util-user-agent-node@https://registry.npmjs.org/@aws-sdk/util-user-agent-node/-/util-user-agent-node-3.908.0.tgz 0ms (cache hit)
2312 http cache @aws-sdk/util-user-agent-browser@https://registry.npmjs.org/@aws-sdk/util-user-agent-browser/-/util-user-agent-browser-3.907.0.tgz 0ms (cache hit)
2313 http cache @aws-sdk/util-endpoints@https://registry.npmjs.org/@aws-sdk/util-endpoints/-/util-endpoints-3.901.0.tgz 0ms (cache hit)
2314 http cache @aws-sdk/types@https://registry.npmjs.org/@aws-sdk/types/-/types-3.901.0.tgz 0ms (cache hit)
2315 http cache @aws-sdk/region-config-resolver@https://registry.npmjs.org/@aws-sdk/region-config-resolver/-/region-config-resolver-3.901.0.tgz 0ms (cache hit)
2316 http cache @aws-sdk/middleware-user-agent@https://registry.npmjs.org/@aws-sdk/middleware-user-agent/-/middleware-user-agent-3.908.0.tgz 0ms (cache hit)
2317 http cache @aws-sdk/middleware-recursion-detection@https://registry.npmjs.org/@aws-sdk/middleware-recursion-detection/-/middleware-recursion-detection-3.901.0.tgz 0ms (cache hit)
2318 http cache @aws-sdk/middleware-logger@https://registry.npmjs.org/@aws-sdk/middleware-logger/-/middleware-logger-3.901.0.tgz 0ms (cache hit)
2319 http cache @aws-sdk/middleware-host-header@https://registry.npmjs.org/@aws-sdk/middleware-host-header/-/middleware-host-header-3.901.0.tgz 0ms (cache hit)
2320 http cache @aws-sdk/credential-provider-node@https://registry.npmjs.org/@aws-sdk/credential-provider-node/-/credential-provider-node-3.908.0.tgz 0ms (cache hit)
2321 http cache @aws-sdk/core@https://registry.npmjs.org/@aws-sdk/core/-/core-3.908.0.tgz 0ms (cache hit)
2322 http cache @aws-crypto/sha256-js@https://registry.npmjs.org/@aws-crypto/sha256-js/-/sha256-js-5.2.0.tgz 0ms (cache hit)
2323 http cache @aws-crypto/sha256-browser@https://registry.npmjs.org/@aws-crypto/sha256-browser/-/sha256-browser-5.2.0.tgz 0ms (cache hit)
2324 http cache docker-classic@https://registry.npmjs.org/@pulumi/docker/-/docker-3.6.1.tgz 0ms (cache hit)
2325 http cache @types/aws-lambda@https://registry.npmjs.org/@types/aws-lambda/-/aws-lambda-8.10.155.tgz 0ms (cache hit)
2326 http cache @pulumi/docker-build@https://registry.npmjs.org/@pulumi/docker-build/-/docker-build-0.0.8.tgz 0ms (cache hit)
2327 http cache @pulumi/docker@https://registry.npmjs.org/@pulumi/docker/-/docker-4.9.0.tgz 0ms (cache hit)
2328 http cache @aws-sdk/client-ecs@https://registry.npmjs.org/@aws-sdk/client-ecs/-/client-ecs-3.908.0.tgz 0ms (cache hit)
2329 http cache mime@https://registry.npmjs.org/mime/-/mime-2.6.0.tgz 0ms (cache hit)
2330 http cache typescript@https://registry.npmjs.org/typescript/-/typescript-5.9.3.tgz 0ms (cache hit)
2331 http cache @types/node@https://registry.npmjs.org/@types/node/-/node-18.19.130.tgz 0ms (cache hit)
2332 http cache @pulumi/pulumi@https://registry.npmjs.org/@pulumi/pulumi/-/pulumi-3.202.0.tgz 0ms (cache hit)
2333 http cache @pulumi/awsx@https://registry.npmjs.org/@pulumi/awsx/-/awsx-3.0.0.tgz 0ms (cache hit)
2334 http cache @pulumi/aws@https://registry.npmjs.org/@pulumi/aws/-/aws-7.8.0.tgz 0ms (cache hit)
2335 http cache ansi-styles@https://registry.npmjs.org/ansi-styles/-/ansi-styles-4.3.0.tgz 0ms (cache hit)
2336 http cache ansi-regex@https://registry.npmjs.org/ansi-regex/-/ansi-regex-5.0.1.tgz 0ms (cache hit)
2337 http cache emoji-regex@https://registry.npmjs.org/emoji-regex/-/emoji-regex-8.0.0.tgz 0ms (cache hit)
2338 http cache wrap-ansi@https://registry.npmjs.org/wrap-ansi/-/wrap-ansi-7.0.0.tgz 0ms (cache hit)
2339 http cache strip-ansi@https://registry.npmjs.org/strip-ansi/-/strip-ansi-6.0.1.tgz 0ms (cache hit)
2340 http cache string-width@https://registry.npmjs.org/string-width/-/string-width-4.2.3.tgz 0ms (cache hit)
2341 http cache minipass@https://registry.npmjs.org/minipass/-/minipass-3.3.6.tgz 0ms (cache hit)
2342 http cache minipass@https://registry.npmjs.org/minipass/-/minipass-3.3.6.tgz 0ms (cache hit)
2343 http cache ansi-regex@https://registry.npmjs.org/ansi-regex/-/ansi-regex-5.0.1.tgz 0ms (cache hit)
2344 http cache emoji-regex@https://registry.npmjs.org/emoji-regex/-/emoji-regex-8.0.0.tgz 0ms (cache hit)
2345 http cache strip-ansi@https://registry.npmjs.org/strip-ansi/-/strip-ansi-6.0.1.tgz 0ms (cache hit)
2346 http cache string-width@https://registry.npmjs.org/string-width/-/string-width-4.2.3.tgz 0ms (cache hit)
2347 http cache ansi-styles@https://registry.npmjs.org/ansi-styles/-/ansi-styles-4.3.0.tgz 0ms (cache hit)
2348 http cache ansi-regex@https://registry.npmjs.org/ansi-regex/-/ansi-regex-5.0.1.tgz 0ms (cache hit)
2349 http cache ansi-regex@https://registry.npmjs.org/ansi-regex/-/ansi-regex-5.0.1.tgz 0ms (cache hit)
2350 http cache strip-ansi@https://registry.npmjs.org/strip-ansi/-/strip-ansi-6.0.1.tgz 0ms (cache hit)
2351 http cache emoji-regex@https://registry.npmjs.org/emoji-regex/-/emoji-regex-8.0.0.tgz 0ms (cache hit)
2352 http cache mimic-response@https://registry.npmjs.org/mimic-response/-/mimic-response-3.1.0.tgz 0ms (cache hit)
2353 http cache get-stream@https://registry.npmjs.org/get-stream/-/get-stream-5.2.0.tgz 0ms (cache hit)
2354 http cache signal-exit@https://registry.npmjs.org/signal-exit/-/signal-exit-4.1.0.tgz 0ms (cache hit)
2355 http cache isexe@https://registry.npmjs.org/isexe/-/isexe-2.0.0.tgz 0ms (cache hit)
2356 http cache which@https://registry.npmjs.org/which/-/which-2.0.2.tgz 0ms (cache hit)
2357 http cache minipass@https://registry.npmjs.org/minipass/-/minipass-5.0.0.tgz 0ms (cache hit)
2358 http cache fs-minipass@https://registry.npmjs.org/fs-minipass/-/fs-minipass-2.1.0.tgz 0ms (cache hit)
2359 http cache minipass@https://registry.npmjs.org/minipass/-/minipass-3.3.6.tgz 0ms (cache hit)
2360 http cache minipass@https://registry.npmjs.org/minipass/-/minipass-3.3.6.tgz 0ms (cache hit)
2361 http cache minipass@https://registry.npmjs.org/minipass/-/minipass-3.3.6.tgz 0ms (cache hit)
2362 http cache signal-exit@https://registry.npmjs.org/signal-exit/-/signal-exit-4.1.0.tgz 0ms (cache hit)
2363 http cache semver@https://registry.npmjs.org/semver/-/semver-7.7.3.tgz 0ms (cache hit)
2364 http cache semver@https://registry.npmjs.org/semver/-/semver-7.7.3.tgz 0ms (cache hit)
2365 http cache ini@https://registry.npmjs.org/ini/-/ini-4.1.3.tgz 0ms (cache hit)
2366 http cache semver@https://registry.npmjs.org/semver/-/semver-7.7.3.tgz 0ms (cache hit)
2367 http cache semver@https://registry.npmjs.org/semver/-/semver-7.7.3.tgz 0ms (cache hit)
2368 http cache semver@https://registry.npmjs.org/semver/-/semver-7.7.3.tgz 0ms (cache hit)
2369 http cache semver@https://registry.npmjs.org/semver/-/semver-7.7.3.tgz 0ms (cache hit)
2370 http cache semver@https://registry.npmjs.org/semver/-/semver-7.7.3.tgz 0ms (cache hit)
2371 http cache semver@https://registry.npmjs.org/semver/-/semver-7.7.3.tgz 0ms (cache hit)
2372 http cache ansi-regex@https://registry.npmjs.org/ansi-regex/-/ansi-regex-5.0.1.tgz 0ms (cache hit)
2373 http cache strip-ansi@https://registry.npmjs.org/strip-ansi/-/strip-ansi-6.0.1.tgz 0ms (cache hit)
2374 http cache emoji-regex@https://registry.npmjs.org/emoji-regex/-/emoji-regex-8.0.0.tgz 0ms (cache hit)
2375 http cache string-width@https://registry.npmjs.org/string-width/-/string-width-4.2.3.tgz 0ms (cache hit)
2376 http cache semver@https://registry.npmjs.org/semver/-/semver-7.7.3.tgz 0ms (cache hit)
2377 http cache semver@https://registry.npmjs.org/semver/-/semver-7.7.3.tgz 0ms (cache hit)
2378 http cache @opentelemetry/semantic-conventions@https://registry.npmjs.org/@opentelemetry/semantic-conventions/-/semantic-conventions-1.27.0.tgz 0ms (cache hit)
2379 http cache semver@https://registry.npmjs.org/semver/-/semver-7.7.3.tgz 0ms (cache hit)
2380 http cache semver@https://registry.npmjs.org/semver/-/semver-7.7.3.tgz 0ms (cache hit)
2381 http cache @smithy/util-buffer-from@https://registry.npmjs.org/@smithy/util-buffer-from/-/util-buffer-from-2.2.0.tgz 0ms (cache hit)
2382 http cache @smithy/is-array-buffer@https://registry.npmjs.org/@smithy/is-array-buffer/-/is-array-buffer-2.2.0.tgz 0ms (cache hit)
2383 http cache @smithy/util-utf8@https://registry.npmjs.org/@smithy/util-utf8/-/util-utf8-2.3.0.tgz 0ms (cache hit)
2384 http cache @smithy/is-array-buffer@https://registry.npmjs.org/@smithy/is-array-buffer/-/is-array-buffer-2.2.0.tgz 0ms (cache hit)
2385 http cache @smithy/util-buffer-from@https://registry.npmjs.org/@smithy/util-buffer-from/-/util-buffer-from-2.2.0.tgz 0ms (cache hit)
2386 http cache @smithy/util-utf8@https://registry.npmjs.org/@smithy/util-utf8/-/util-utf8-2.3.0.tgz 0ms (cache hit)
2387 http cache semver@https://registry.npmjs.org/semver/-/semver-7.7.3.tgz 0ms (cache hit)
2388 silly tarball no local data for color-name@https://registry.npmjs.org/color-name/-/color-name-1.1.4.tgz. Extracting by manifest.
2389 silly tarball no local data for color-convert@https://registry.npmjs.org/color-convert/-/color-convert-2.0.1.tgz. Extracting by manifest.
2390 silly tarball no local data for wrappy@https://registry.npmjs.org/wrappy/-/wrappy-1.0.2.tgz. Extracting by manifest.
2391 silly tarball no local data for once@https://registry.npmjs.org/once/-/once-1.4.0.tgz. Extracting by manifest.
2392 silly tarball no local data for end-of-stream@https://registry.npmjs.org/end-of-stream/-/end-of-stream-1.4.5.tgz. Extracting by manifest.
2393 silly tarball no local data for pump@https://registry.npmjs.org/pump/-/pump-3.0.3.tgz. Extracting by manifest.
2394 silly tarball no local data for yargs-parser@https://registry.npmjs.org/yargs-parser/-/yargs-parser-21.1.1.tgz. Extracting by manifest.
2395 silly tarball no local data for y18n@https://registry.npmjs.org/y18n/-/y18n-5.0.8.tgz. Extracting by manifest.
2396 silly tarball no local data for require-directory@https://registry.npmjs.org/require-directory/-/require-directory-2.1.1.tgz. Extracting by manifest.
2397 silly tarball no local data for get-caller-file@https://registry.npmjs.org/get-caller-file/-/get-caller-file-2.0.5.tgz. Extracting by manifest.
2398 silly tarball no local data for escalade@https://registry.npmjs.org/escalade/-/escalade-3.2.0.tgz. Extracting by manifest.
2399 silly tarball no local data for cliui@https://registry.npmjs.org/cliui/-/cliui-8.0.1.tgz. Extracting by manifest.
2400 silly tarball no local data for ansi-styles@https://registry.npmjs.org/ansi-styles/-/ansi-styles-6.2.3.tgz. Extracting by manifest.
2401 silly tarball no local data for isexe@https://registry.npmjs.org/isexe/-/isexe-3.1.1.tgz. Extracting by manifest.
2402 silly tarball no local data for spdx-exceptions@https://registry.npmjs.org/spdx-exceptions/-/spdx-exceptions-2.5.0.tgz. Extracting by manifest.
2403 silly tarball no local data for spdx-license-ids@https://registry.npmjs.org/spdx-license-ids/-/spdx-license-ids-3.0.22.tgz. Extracting by manifest.
2404 silly tarball no local data for spdx-expression-parse@https://registry.npmjs.org/spdx-expression-parse/-/spdx-expression-parse-3.0.1.tgz. Extracting by manifest.
2405 silly tarball no local data for spdx-correct@https://registry.npmjs.org/spdx-correct/-/spdx-correct-3.2.0.tgz. Extracting by manifest.
2406 silly tarball no local data for imurmurhash@https://registry.npmjs.org/imurmurhash/-/imurmurhash-0.1.4.tgz. Extracting by manifest.
2407 silly tarball no local data for unique-slug@https://registry.npmjs.org/unique-slug/-/unique-slug-4.0.0.tgz. Extracting by manifest.
2408 silly tarball no local data for @tufjs/canonical-json@https://registry.npmjs.org/@tufjs/canonical-json/-/canonical-json-2.0.0.tgz. Extracting by manifest.
2409 silly tarball no local data for @tufjs/models@https://registry.npmjs.org/@tufjs/models/-/models-2.0.1.tgz. Extracting by manifest.
2410 silly tarball no local data for mkdirp@https://registry.npmjs.org/mkdirp/-/mkdirp-1.0.4.tgz. Extracting by manifest.
2411 silly tarball no local data for chownr@https://registry.npmjs.org/chownr/-/chownr-2.0.0.tgz. Extracting by manifest.
2412 silly tarball no local data for ansi-regex@https://registry.npmjs.org/ansi-regex/-/ansi-regex-6.2.2.tgz. Extracting by manifest.
2413 silly tarball no local data for is-fullwidth-code-point@https://registry.npmjs.org/is-fullwidth-code-point/-/is-fullwidth-code-point-3.0.0.tgz. Extracting by manifest.
2414 silly tarball no local data for emoji-regex@https://registry.npmjs.org/emoji-regex/-/emoji-regex-9.2.2.tgz. Extracting by manifest.
2415 silly tarball no local data for eastasianwidth@https://registry.npmjs.org/eastasianwidth/-/eastasianwidth-0.2.0.tgz. Extracting by manifest.
2416 silly tarball no local data for source-map@https://registry.npmjs.org/source-map/-/source-map-0.6.1.tgz. Extracting by manifest.
2417 silly tarball no local data for buffer-from@https://registry.npmjs.org/buffer-from/-/buffer-from-1.1.2.tgz. Extracting by manifest.
2418 silly tarball no local data for smart-buffer@https://registry.npmjs.org/smart-buffer/-/smart-buffer-4.2.0.tgz. Extracting by manifest.
2419 silly tarball no local data for ip-address@https://registry.npmjs.org/ip-address/-/ip-address-10.0.1.tgz. Extracting by manifest.
2420 silly tarball no local data for socks@https://registry.npmjs.org/socks/-/socks-2.8.7.tgz. Extracting by manifest.
2421 silly tarball no local data for tuf-js@https://registry.npmjs.org/tuf-js/-/tuf-js-2.2.1.tgz. Extracting by manifest.
2422 silly tarball no local data for @sigstore/verify@https://registry.npmjs.org/@sigstore/verify/-/verify-1.2.1.tgz. Extracting by manifest.
2423 silly tarball no local data for @sigstore/tuf@https://registry.npmjs.org/@sigstore/tuf/-/tuf-2.3.4.tgz. Extracting by manifest.
2424 silly tarball no local data for @sigstore/sign@https://registry.npmjs.org/@sigstore/sign/-/sign-2.3.2.tgz. Extracting by manifest.
2425 silly tarball no local data for @sigstore/protobuf-specs@https://registry.npmjs.org/@sigstore/protobuf-specs/-/protobuf-specs-0.3.3.tgz. Extracting by manifest.
2426 silly tarball no local data for @sigstore/core@https://registry.npmjs.org/@sigstore/core/-/core-1.1.0.tgz. Extracting by manifest.
2427 silly tarball no local data for @sigstore/bundle@https://registry.npmjs.org/@sigstore/bundle/-/bundle-2.3.2.tgz. Extracting by manifest.
2428 silly tarball no local data for shebang-regex@https://registry.npmjs.org/shebang-regex/-/shebang-regex-3.0.0.tgz. Extracting by manifest.
2429 silly tarball no local data for function-bind@https://registry.npmjs.org/function-bind/-/function-bind-1.1.2.tgz. Extracting by manifest.
2430 silly tarball no local data for hasown@https://registry.npmjs.org/hasown/-/hasown-2.0.2.tgz. Extracting by manifest.
2431 silly tarball no local data for supports-preserve-symlinks-flag@https://registry.npmjs.org/supports-preserve-symlinks-flag/-/supports-preserve-symlinks-flag-1.0.0.tgz. Extracting by manifest.
2432 silly tarball no local data for path-parse@https://registry.npmjs.org/path-parse/-/path-parse-1.0.7.tgz. Extracting by manifest.
2433 silly tarball no local data for is-core-module@https://registry.npmjs.org/is-core-module/-/is-core-module-2.16.1.tgz. Extracting by manifest.
2434 silly tarball no local data for resolve@https://registry.npmjs.org/resolve/-/resolve-1.22.10.tgz. Extracting by manifest.
2435 silly tarball no local data for @protobufjs/utf8@https://registry.npmjs.org/@protobufjs/utf8/-/utf8-1.1.0.tgz. Extracting by manifest.
2436 silly tarball no local data for @protobufjs/pool@https://registry.npmjs.org/@protobufjs/pool/-/pool-1.1.0.tgz. Extracting by manifest.
2437 silly tarball no local data for @protobufjs/path@https://registry.npmjs.org/@protobufjs/path/-/path-1.1.2.tgz. Extracting by manifest.
2438 silly tarball no local data for @protobufjs/inquire@https://registry.npmjs.org/@protobufjs/inquire/-/inquire-1.1.0.tgz. Extracting by manifest.
2439 silly tarball no local data for @protobufjs/float@https://registry.npmjs.org/@protobufjs/float/-/float-1.0.2.tgz. Extracting by manifest.
2440 silly tarball no local data for @protobufjs/fetch@https://registry.npmjs.org/@protobufjs/fetch/-/fetch-1.1.0.tgz. Extracting by manifest.
2441 silly tarball no local data for @protobufjs/eventemitter@https://registry.npmjs.org/@protobufjs/eventemitter/-/eventemitter-1.1.0.tgz. Extracting by manifest.
2442 silly tarball no local data for @protobufjs/codegen@https://registry.npmjs.org/@protobufjs/codegen/-/codegen-2.0.4.tgz. Extracting by manifest.
2443 silly tarball no local data for @protobufjs/base64@https://registry.npmjs.org/@protobufjs/base64/-/base64-1.1.2.tgz. Extracting by manifest.
2444 silly tarball no local data for @protobufjs/aspromise@https://registry.npmjs.org/@protobufjs/aspromise/-/aspromise-1.1.2.tgz. Extracting by manifest.
2445 silly tarball no local data for retry@https://registry.npmjs.org/retry/-/retry-0.12.0.tgz. Extracting by manifest.
2446 silly tarball no local data for err-code@https://registry.npmjs.org/err-code/-/err-code-2.0.3.tgz. Extracting by manifest.
2447 silly tarball no local data for util-deprecate@https://registry.npmjs.org/util-deprecate/-/util-deprecate-1.0.2.tgz. Extracting by manifest.
2448 silly tarball no local data for cssesc@https://registry.npmjs.org/cssesc/-/cssesc-3.0.0.tgz. Extracting by manifest.
2449 silly tarball no local data for yocto-queue@https://registry.npmjs.org/yocto-queue/-/yocto-queue-1.2.1.tgz. Extracting by manifest.
2450 silly tarball no local data for p-limit@https://registry.npmjs.org/p-limit/-/p-limit-4.0.0.tgz. Extracting by manifest.
2451 silly tarball no local data for p-locate@https://registry.npmjs.org/p-locate/-/p-locate-6.0.0.tgz. Extracting by manifest.
2452 silly tarball no local data for path-exists@https://registry.npmjs.org/path-exists/-/path-exists-5.0.0.tgz. Extracting by manifest.
2453 silly tarball no local data for locate-path@https://registry.npmjs.org/locate-path/-/locate-path-7.2.0.tgz. Extracting by manifest.
2454 silly tarball no local data for find-up@https://registry.npmjs.org/find-up/-/find-up-6.3.0.tgz. Extracting by manifest.
2455 silly tarball no local data for just-diff-apply@https://registry.npmjs.org/just-diff-apply/-/just-diff-apply-5.5.0.tgz. Extracting by manifest.
2456 silly tarball no local data for just-diff@https://registry.npmjs.org/just-diff/-/just-diff-6.0.2.tgz. Extracting by manifest.
2457 silly tarball no local data for ignore-walk@https://registry.npmjs.org/ignore-walk/-/ignore-walk-6.0.5.tgz. Extracting by manifest.
2458 silly tarball no local data for sigstore@https://registry.npmjs.org/sigstore/-/sigstore-2.3.1.tgz. Extracting by manifest.
2459 silly tarball no local data for npm-packlist@https://registry.npmjs.org/npm-packlist/-/npm-packlist-8.0.2.tgz. Extracting by manifest.
2460 silly tarball no local data for indent-string@https://registry.npmjs.org/indent-string/-/indent-string-4.0.0.tgz. Extracting by manifest.
2461 silly tarball no local data for clean-stack@https://registry.npmjs.org/clean-stack/-/clean-stack-2.2.0.tgz. Extracting by manifest.
2462 silly tarball no local data for aggregate-error@https://registry.npmjs.org/aggregate-error/-/aggregate-error-3.1.0.tgz. Extracting by manifest.
2463 silly tarball no local data for mimic-fn@https://registry.npmjs.org/mimic-fn/-/mimic-fn-2.1.0.tgz. Extracting by manifest.
2464 silly tarball no local data for jsonparse@https://registry.npmjs.org/jsonparse/-/jsonparse-1.3.1.tgz. Extracting by manifest.
2465 silly tarball no local data for validate-npm-package-name@https://registry.npmjs.org/validate-npm-package-name/-/validate-npm-package-name-5.0.1.tgz. Extracting by manifest.
2466 silly tarball no local data for validate-npm-package-license@https://registry.npmjs.org/validate-npm-package-license/-/validate-npm-package-license-3.0.4.tgz. Extracting by manifest.
2467 silly tarball no local data for abbrev@https://registry.npmjs.org/abbrev/-/abbrev-2.0.0.tgz. Extracting by manifest.
2468 silly tarball no local data for yallist@https://registry.npmjs.org/yallist/-/yallist-4.0.0.tgz. Extracting by manifest.
2469 silly tarball no local data for safer-buffer@https://registry.npmjs.org/safer-buffer/-/safer-buffer-2.1.2.tgz. Extracting by manifest.
2470 silly tarball no local data for iconv-lite@https://registry.npmjs.org/iconv-lite/-/iconv-lite-0.6.3.tgz. Extracting by manifest.
2471 silly tarball no local data for minipass-sized@https://registry.npmjs.org/minipass-sized/-/minipass-sized-1.0.3.tgz. Extracting by manifest.
2472 silly tarball no local data for encoding@https://registry.npmjs.org/encoding/-/encoding-0.1.13.tgz. Extracting by manifest.
2473 silly tarball no local data for ms@https://registry.npmjs.org/ms/-/ms-2.1.3.tgz. Extracting by manifest.
2474 silly tarball no local data for debug@https://registry.npmjs.org/debug/-/debug-4.4.3.tgz. Extracting by manifest.
2475 silly tarball no local data for socks-proxy-agent@https://registry.npmjs.org/socks-proxy-agent/-/socks-proxy-agent-8.0.5.tgz. Extracting by manifest.
2476 silly tarball no local data for https-proxy-agent@https://registry.npmjs.org/https-proxy-agent/-/https-proxy-agent-7.0.6.tgz. Extracting by manifest.
2477 silly tarball no local data for http-proxy-agent@https://registry.npmjs.org/http-proxy-agent/-/http-proxy-agent-7.0.2.tgz. Extracting by manifest.
2478 silly tarball no local data for agent-base@https://registry.npmjs.org/agent-base/-/agent-base-7.1.4.tgz. Extracting by manifest.
2479 silly tarball no local data for negotiator@https://registry.npmjs.org/negotiator/-/negotiator-0.6.4.tgz. Extracting by manifest.
2480 silly tarball no local data for minipass-fetch@https://registry.npmjs.org/minipass-fetch/-/minipass-fetch-3.0.5.tgz. Extracting by manifest.
2481 silly tarball no local data for is-lambda@https://registry.npmjs.org/is-lambda/-/is-lambda-1.0.1.tgz. Extracting by manifest.
2482 silly tarball no local data for @npmcli/agent@https://registry.npmjs.org/@npmcli/agent/-/agent-2.2.2.tgz. Extracting by manifest.
2483 silly tarball no local data for make-fetch-happen@https://registry.npmjs.org/make-fetch-happen/-/make-fetch-happen-13.0.1.tgz. Extracting by manifest.
2484 silly tarball no local data for graceful-fs@https://registry.npmjs.org/graceful-fs/-/graceful-fs-4.2.11.tgz. Extracting by manifest.
2485 silly tarball no local data for exponential-backoff@https://registry.npmjs.org/exponential-backoff/-/exponential-backoff-3.1.3.tgz. Extracting by manifest.
2486 silly tarball no local data for env-paths@https://registry.npmjs.org/env-paths/-/env-paths-2.2.1.tgz. Extracting by manifest.
2487 silly tarball no local data for balanced-match@https://registry.npmjs.org/balanced-match/-/balanced-match-1.0.2.tgz. Extracting by manifest.
2488 silly tarball no local data for brace-expansion@https://registry.npmjs.org/brace-expansion/-/brace-expansion-2.0.2.tgz. Extracting by manifest.
2489 silly tarball no local data for json-buffer@https://registry.npmjs.org/json-buffer/-/json-buffer-3.0.1.tgz. Extracting by manifest.
2490 silly tarball no local data for sprintf-js@https://registry.npmjs.org/sprintf-js/-/sprintf-js-1.0.3.tgz. Extracting by manifest.
2491 silly tarball no local data for minizlib@https://registry.npmjs.org/minizlib/-/minizlib-2.1.2.tgz. Extracting by manifest.
2492 silly tarball no local data for esprima@https://registry.npmjs.org/esprima/-/esprima-4.0.1.tgz. Extracting by manifest.
2493 silly tarball no local data for argparse@https://registry.npmjs.org/argparse/-/argparse-1.0.10.tgz. Extracting by manifest.
2494 silly tarball no local data for wrap-ansi-cjs@https://registry.npmjs.org/wrap-ansi/-/wrap-ansi-7.0.0.tgz. Extracting by manifest.
2495 silly tarball no local data for wrap-ansi@https://registry.npmjs.org/wrap-ansi/-/wrap-ansi-8.1.0.tgz. Extracting by manifest.
2496 silly tarball no local data for strip-ansi-cjs@https://registry.npmjs.org/strip-ansi/-/strip-ansi-6.0.1.tgz. Extracting by manifest.
2497 silly tarball no local data for strip-ansi@https://registry.npmjs.org/strip-ansi/-/strip-ansi-7.1.2.tgz. Extracting by manifest.
2498 silly tarball no local data for string-width-cjs@https://registry.npmjs.org/string-width/-/string-width-4.2.3.tgz. Extracting by manifest.
2499 silly tarball no local data for string-width@https://registry.npmjs.org/string-width/-/string-width-5.1.2.tgz. Extracting by manifest.
2500 silly tarball no local data for @pkgjs/parseargs@https://registry.npmjs.org/@pkgjs/parseargs/-/parseargs-0.11.0.tgz. Extracting by manifest.
2501 silly tarball no local data for @isaacs/cliui@https://registry.npmjs.org/@isaacs/cliui/-/cliui-8.0.2.tgz. Extracting by manifest.
2502 silly tarball no local data for module-details-from-path@https://registry.npmjs.org/module-details-from-path/-/module-details-from-path-1.0.4.tgz. Extracting by manifest.
2503 silly tarball no local data for cjs-module-lexer@https://registry.npmjs.org/cjs-module-lexer/-/cjs-module-lexer-1.4.3.tgz. Extracting by manifest.
2504 silly tarball no local data for acorn-import-attributes@https://registry.npmjs.org/acorn-import-attributes/-/acorn-import-attributes-1.9.5.tgz. Extracting by manifest.
2505 silly tarball no local data for acorn@https://registry.npmjs.org/acorn/-/acorn-8.15.0.tgz. Extracting by manifest.
2506 silly tarball no local data for resolve-alpn@https://registry.npmjs.org/resolve-alpn/-/resolve-alpn-1.2.1.tgz. Extracting by manifest.
2507 silly tarball no local data for quick-lru@https://registry.npmjs.org/quick-lru/-/quick-lru-5.1.1.tgz. Extracting by manifest.
2508 silly tarball no local data for mimic-response@https://registry.npmjs.org/mimic-response/-/mimic-response-1.0.1.tgz. Extracting by manifest.
2509 silly tarball no local data for normalize-url@https://registry.npmjs.org/normalize-url/-/normalize-url-6.1.0.tgz. Extracting by manifest.
2510 silly tarball no local data for keyv@https://registry.npmjs.org/keyv/-/keyv-4.5.4.tgz. Extracting by manifest.
2511 silly tarball no local data for http-cache-semantics@https://registry.npmjs.org/http-cache-semantics/-/http-cache-semantics-4.2.0.tgz. Extracting by manifest.
2512 silly tarball no local data for clone-response@https://registry.npmjs.org/clone-response/-/clone-response-1.0.3.tgz. Extracting by manifest.
2513 silly tarball no local data for @types/keyv@https://registry.npmjs.org/@types/keyv/-/keyv-3.1.4.tgz. Extracting by manifest.
2514 silly tarball no local data for @types/http-cache-semantics@https://registry.npmjs.org/@types/http-cache-semantics/-/http-cache-semantics-4.0.4.tgz. Extracting by manifest.
2515 silly tarball no local data for defer-to-connect@https://registry.npmjs.org/defer-to-connect/-/defer-to-connect-2.0.1.tgz. Extracting by manifest.
2516 silly tarball no local data for responselike@https://registry.npmjs.org/responselike/-/responselike-2.0.1.tgz. Extracting by manifest.
2517 silly tarball no local data for p-cancelable@https://registry.npmjs.org/p-cancelable/-/p-cancelable-2.1.1.tgz. Extracting by manifest.
2518 silly tarball no local data for lowercase-keys@https://registry.npmjs.org/lowercase-keys/-/lowercase-keys-2.0.0.tgz. Extracting by manifest.
2519 silly tarball no local data for http2-wrapper@https://registry.npmjs.org/http2-wrapper/-/http2-wrapper-1.0.3.tgz. Extracting by manifest.
2520 silly tarball no local data for decompress-response@https://registry.npmjs.org/decompress-response/-/decompress-response-6.0.0.tgz. Extracting by manifest.
2521 silly tarball no local data for cacheable-request@https://registry.npmjs.org/cacheable-request/-/cacheable-request-7.0.4.tgz. Extracting by manifest.
2522 silly tarball no local data for cacheable-lookup@https://registry.npmjs.org/cacheable-lookup/-/cacheable-lookup-5.0.4.tgz. Extracting by manifest.
2523 silly tarball no local data for @types/responselike@https://registry.npmjs.org/@types/responselike/-/responselike-1.0.3.tgz. Extracting by manifest.
2524 silly tarball no local data for @types/cacheable-request@https://registry.npmjs.org/@types/cacheable-request/-/cacheable-request-6.0.3.tgz. Extracting by manifest.
2525 silly tarball no local data for @szmarczak/http-timer@https://registry.npmjs.org/@szmarczak/http-timer/-/http-timer-4.0.6.tgz. Extracting by manifest.
2526 silly tarball no local data for @sindresorhus/is@https://registry.npmjs.org/@sindresorhus/is/-/is-4.6.0.tgz. Extracting by manifest.
2527 silly tarball no local data for path-scurry@https://registry.npmjs.org/path-scurry/-/path-scurry-1.11.1.tgz. Extracting by manifest.
2528 silly tarball no local data for package-json-from-dist@https://registry.npmjs.org/package-json-from-dist/-/package-json-from-dist-1.0.1.tgz. Extracting by manifest.
2529 silly tarball no local data for jackspeak@https://registry.npmjs.org/jackspeak/-/jackspeak-3.4.3.tgz. Extracting by manifest.
2530 silly tarball no local data for foreground-child@https://registry.npmjs.org/foreground-child/-/foreground-child-3.3.1.tgz. Extracting by manifest.
2531 silly tarball no local data for strnum@https://registry.npmjs.org/strnum/-/strnum-2.1.1.tgz. Extracting by manifest.
2532 silly tarball no local data for shebang-command@https://registry.npmjs.org/shebang-command/-/shebang-command-2.0.0.tgz. Extracting by manifest.
2533 silly tarball no local data for path-key@https://registry.npmjs.org/path-key/-/path-key-3.1.1.tgz. Extracting by manifest.
2534 silly tarball no local data for strip-final-newline@https://registry.npmjs.org/strip-final-newline/-/strip-final-newline-2.0.0.tgz. Extracting by manifest.
2535 silly tarball no local data for signal-exit@https://registry.npmjs.org/signal-exit/-/signal-exit-3.0.7.tgz. Extracting by manifest.
2536 silly tarball no local data for onetime@https://registry.npmjs.org/onetime/-/onetime-5.1.2.tgz. Extracting by manifest.
2537 silly tarball no local data for npm-run-path@https://registry.npmjs.org/npm-run-path/-/npm-run-path-4.0.1.tgz. Extracting by manifest.
2538 silly tarball no local data for merge-stream@https://registry.npmjs.org/merge-stream/-/merge-stream-2.0.0.tgz. Extracting by manifest.
2539 silly tarball no local data for is-stream@https://registry.npmjs.org/is-stream/-/is-stream-2.0.1.tgz. Extracting by manifest.
2540 silly tarball no local data for human-signals@https://registry.npmjs.org/human-signals/-/human-signals-2.1.0.tgz. Extracting by manifest.
2541 silly tarball no local data for get-stream@https://registry.npmjs.org/get-stream/-/get-stream-6.0.1.tgz. Extracting by manifest.
2542 silly tarball no local data for cross-spawn@https://registry.npmjs.org/cross-spawn/-/cross-spawn-7.0.6.tgz. Extracting by manifest.
2543 silly tarball no local data for unique-filename@https://registry.npmjs.org/unique-filename/-/unique-filename-3.0.0.tgz. Extracting by manifest.
2544 silly tarball no local data for tar@https://registry.npmjs.org/tar/-/tar-6.2.1.tgz. Extracting by manifest.
2545 silly tarball no local data for p-map@https://registry.npmjs.org/p-map/-/p-map-4.0.0.tgz. Extracting by manifest.
2546 silly tarball no local data for minipass-flush@https://registry.npmjs.org/minipass-flush/-/minipass-flush-1.0.5.tgz. Extracting by manifest.
2547 silly tarball no local data for minipass-collect@https://registry.npmjs.org/minipass-collect/-/minipass-collect-2.0.1.tgz. Extracting by manifest.
2548 silly tarball no local data for minipass@https://registry.npmjs.org/minipass/-/minipass-7.1.2.tgz. Extracting by manifest.
2549 silly tarball no local data for minipass-pipeline@https://registry.npmjs.org/minipass-pipeline/-/minipass-pipeline-1.2.4.tgz. Extracting by manifest.
2550 silly tarball no local data for fs-minipass@https://registry.npmjs.org/fs-minipass/-/fs-minipass-3.0.3.tgz. Extracting by manifest.
2551 silly tarball no local data for write-file-atomic@https://registry.npmjs.org/write-file-atomic/-/write-file-atomic-5.0.1.tgz. Extracting by manifest.
2552 silly tarball no local data for read-cmd-shim@https://registry.npmjs.org/read-cmd-shim/-/read-cmd-shim-4.0.0.tgz. Extracting by manifest.
2553 silly tarball no local data for cmd-shim@https://registry.npmjs.org/cmd-shim/-/cmd-shim-6.0.3.tgz. Extracting by manifest.
2554 silly tarball no local data for undici-types@https://registry.npmjs.org/undici-types/-/undici-types-5.26.5.tgz. Extracting by manifest.
2555 silly tarball no local data for @smithy/querystring-parser@https://registry.npmjs.org/@smithy/querystring-parser/-/querystring-parser-4.2.2.tgz. Extracting by manifest.
2556 silly tarball no local data for @smithy/util-hex-encoding@https://registry.npmjs.org/@smithy/util-hex-encoding/-/util-hex-encoding-4.2.0.tgz. Extracting by manifest.
2557 silly tarball no local data for @smithy/is-array-buffer@https://registry.npmjs.org/@smithy/is-array-buffer/-/is-array-buffer-4.2.0.tgz. Extracting by manifest.
2558 silly tarball no local data for @smithy/util-uri-escape@https://registry.npmjs.org/@smithy/util-uri-escape/-/util-uri-escape-4.2.0.tgz. Extracting by manifest.
2559 silly tarball no local data for @smithy/abort-controller@https://registry.npmjs.org/@smithy/abort-controller/-/abort-controller-4.2.2.tgz. Extracting by manifest.
2560 silly tarball no local data for @smithy/service-error-classification@https://registry.npmjs.org/@smithy/service-error-classification/-/service-error-classification-4.2.2.tgz. Extracting by manifest.
2561 silly tarball no local data for @smithy/util-buffer-from@https://registry.npmjs.org/@smithy/util-buffer-from/-/util-buffer-from-4.2.0.tgz. Extracting by manifest.
2562 silly tarball no local data for @smithy/querystring-builder@https://registry.npmjs.org/@smithy/querystring-builder/-/querystring-builder-4.2.2.tgz. Extracting by manifest.
2563 silly tarball no local data for @opentelemetry/propagator-jaeger@https://registry.npmjs.org/@opentelemetry/propagator-jaeger/-/propagator-jaeger-1.30.1.tgz. Extracting by manifest.
2564 silly tarball no local data for @opentelemetry/propagator-b3@https://registry.npmjs.org/@opentelemetry/propagator-b3/-/propagator-b3-1.30.1.tgz. Extracting by manifest.
2565 silly tarball no local data for @opentelemetry/context-async-hooks@https://registry.npmjs.org/@opentelemetry/context-async-hooks/-/context-async-hooks-1.30.1.tgz. Extracting by manifest.
2566 silly tarball no local data for shimmer@https://registry.npmjs.org/shimmer/-/shimmer-1.2.1.tgz. Extracting by manifest.
2567 silly tarball no local data for require-in-the-middle@https://registry.npmjs.org/require-in-the-middle/-/require-in-the-middle-7.5.2.tgz. Extracting by manifest.
2568 silly tarball no local data for import-in-the-middle@https://registry.npmjs.org/import-in-the-middle/-/import-in-the-middle-1.15.0.tgz. Extracting by manifest.
2569 silly tarball no local data for @types/shimmer@https://registry.npmjs.org/@types/shimmer/-/shimmer-1.2.0.tgz. Extracting by manifest.
2570 silly tarball no local data for @opentelemetry/api-logs@https://registry.npmjs.org/@opentelemetry/api-logs/-/api-logs-0.55.0.tgz. Extracting by manifest.
2571 silly tarball no local data for @opentelemetry/semantic-conventions@https://registry.npmjs.org/@opentelemetry/semantic-conventions/-/semantic-conventions-1.28.0.tgz. Extracting by manifest.
2572 silly tarball no local data for @opentelemetry/core@https://registry.npmjs.org/@opentelemetry/core/-/core-1.30.1.tgz. Extracting by manifest.
2573 silly tarball no local data for node-gyp@https://registry.npmjs.org/node-gyp/-/node-gyp-10.3.1.tgz. Extracting by manifest.
2574 silly tarball no local data for postcss-selector-parser@https://registry.npmjs.org/postcss-selector-parser/-/postcss-selector-parser-6.1.2.tgz. Extracting by manifest.
2575 silly tarball no local data for which@https://registry.npmjs.org/which/-/which-4.0.0.tgz. Extracting by manifest.
2576 silly tarball no local data for promise-retry@https://registry.npmjs.org/promise-retry/-/promise-retry-2.0.1.tgz. Extracting by manifest.
2577 silly tarball no local data for promise-inflight@https://registry.npmjs.org/promise-inflight/-/promise-inflight-1.0.1.tgz. Extracting by manifest.
2578 silly tarball no local data for @npmcli/promise-spawn@https://registry.npmjs.org/@npmcli/promise-spawn/-/promise-spawn-7.0.2.tgz. Extracting by manifest.
2579 silly tarball no local data for @npmcli/git@https://registry.npmjs.org/@npmcli/git/-/git-5.0.8.tgz. Extracting by manifest.
2580 silly tarball no local data for glob@https://registry.npmjs.org/glob/-/glob-10.4.5.tgz. Extracting by manifest.
2581 silly tarball no local data for npm-normalize-package-bin@https://registry.npmjs.org/npm-normalize-package-bin/-/npm-normalize-package-bin-3.0.1.tgz. Extracting by manifest.
2582 silly tarball no local data for npm-bundled@https://registry.npmjs.org/npm-bundled/-/npm-bundled-3.0.1.tgz. Extracting by manifest.
2583 silly tarball no local data for walk-up-path@https://registry.npmjs.org/walk-up-path/-/walk-up-path-3.0.1.tgz. Extracting by manifest.
2584 silly tarball no local data for treeverse@https://registry.npmjs.org/treeverse/-/treeverse-3.0.0.tgz. Extracting by manifest.
2585 silly tarball no local data for ssri@https://registry.npmjs.org/ssri/-/ssri-10.0.6.tgz. Extracting by manifest.
2586 silly tarball no local data for read-package-json-fast@https://registry.npmjs.org/read-package-json-fast/-/read-package-json-fast-3.0.2.tgz. Extracting by manifest.
2587 silly tarball no local data for promise-call-limit@https://registry.npmjs.org/promise-call-limit/-/promise-call-limit-3.0.2.tgz. Extracting by manifest.
2588 silly tarball no local data for promise-all-reject-late@https://registry.npmjs.org/promise-all-reject-late/-/promise-all-reject-late-1.0.1.tgz. Extracting by manifest.
2589 silly tarball no local data for proggy@https://registry.npmjs.org/proggy/-/proggy-2.0.0.tgz. Extracting by manifest.
2590 silly tarball no local data for proc-log@https://registry.npmjs.org/proc-log/-/proc-log-4.2.0.tgz. Extracting by manifest.
2591 silly tarball no local data for parse-conflict-json@https://registry.npmjs.org/parse-conflict-json/-/parse-conflict-json-3.0.1.tgz. Extracting by manifest.
2592 silly tarball no local data for pacote@https://registry.npmjs.org/pacote/-/pacote-18.0.6.tgz. Extracting by manifest.
2593 silly tarball no local data for npm-registry-fetch@https://registry.npmjs.org/npm-registry-fetch/-/npm-registry-fetch-17.1.0.tgz. Extracting by manifest.
2594 silly tarball no local data for npm-pick-manifest@https://registry.npmjs.org/npm-pick-manifest/-/npm-pick-manifest-9.1.0.tgz. Extracting by manifest.
2595 silly tarball no local data for npm-package-arg@https://registry.npmjs.org/npm-package-arg/-/npm-package-arg-11.0.3.tgz. Extracting by manifest.
2596 silly tarball no local data for npm-install-checks@https://registry.npmjs.org/npm-install-checks/-/npm-install-checks-6.3.0.tgz. Extracting by manifest.
2597 silly tarball no local data for nopt@https://registry.npmjs.org/nopt/-/nopt-7.2.1.tgz. Extracting by manifest.
2598 silly tarball no local data for minimatch@https://registry.npmjs.org/minimatch/-/minimatch-9.0.5.tgz. Extracting by manifest.
2599 silly tarball no local data for lru-cache@https://registry.npmjs.org/lru-cache/-/lru-cache-10.4.3.tgz. Extracting by manifest.
2600 silly tarball no local data for json-stringify-nice@https://registry.npmjs.org/json-stringify-nice/-/json-stringify-nice-1.1.4.tgz. Extracting by manifest.
2601 silly tarball no local data for json-parse-even-better-errors@https://registry.npmjs.org/json-parse-even-better-errors/-/json-parse-even-better-errors-3.0.2.tgz. Extracting by manifest.
2602 silly tarball no local data for hosted-git-info@https://registry.npmjs.org/hosted-git-info/-/hosted-git-info-7.0.2.tgz. Extracting by manifest.
2603 silly tarball no local data for common-ancestor-path@https://registry.npmjs.org/common-ancestor-path/-/common-ancestor-path-1.0.1.tgz. Extracting by manifest.
2604 silly tarball no local data for cacache@https://registry.npmjs.org/cacache/-/cacache-18.0.4.tgz. Extracting by manifest.
2605 silly tarball no local data for bin-links@https://registry.npmjs.org/bin-links/-/bin-links-4.0.4.tgz. Extracting by manifest.
2606 silly tarball no local data for @npmcli/run-script@https://registry.npmjs.org/@npmcli/run-script/-/run-script-8.1.0.tgz. Extracting by manifest.
2607 silly tarball no local data for @npmcli/redact@https://registry.npmjs.org/@npmcli/redact/-/redact-2.0.1.tgz. Extracting by manifest.
2608 silly tarball no local data for @npmcli/query@https://registry.npmjs.org/@npmcli/query/-/query-3.1.0.tgz. Extracting by manifest.
2609 silly tarball no local data for @npmcli/package-json@https://registry.npmjs.org/@npmcli/package-json/-/package-json-5.2.1.tgz. Extracting by manifest.
2610 silly tarball no local data for @npmcli/node-gyp@https://registry.npmjs.org/@npmcli/node-gyp/-/node-gyp-3.0.0.tgz. Extracting by manifest.
2611 silly tarball no local data for @npmcli/name-from-folder@https://registry.npmjs.org/@npmcli/name-from-folder/-/name-from-folder-2.0.0.tgz. Extracting by manifest.
2612 silly tarball no local data for @npmcli/metavuln-calculator@https://registry.npmjs.org/@npmcli/metavuln-calculator/-/metavuln-calculator-7.1.1.tgz. Extracting by manifest.
2613 silly tarball no local data for @npmcli/map-workspaces@https://registry.npmjs.org/@npmcli/map-workspaces/-/map-workspaces-3.0.6.tgz. Extracting by manifest.
2614 silly tarball no local data for @npmcli/installed-package-contents@https://registry.npmjs.org/@npmcli/installed-package-contents/-/installed-package-contents-2.1.0.tgz. Extracting by manifest.
2615 silly tarball no local data for @npmcli/fs@https://registry.npmjs.org/@npmcli/fs/-/fs-3.1.1.tgz. Extracting by manifest.
2616 silly tarball no local data for @isaacs/string-locale-compare@https://registry.npmjs.org/@isaacs/string-locale-compare/-/string-locale-compare-1.1.0.tgz. Extracting by manifest.
2617 silly tarball no local data for yargs@https://registry.npmjs.org/yargs/-/yargs-17.7.2.tgz. Extracting by manifest.
2618 silly tarball no local data for protobufjs@https://registry.npmjs.org/protobufjs/-/protobufjs-7.5.4.tgz. Extracting by manifest.
2619 silly tarball no local data for long@https://registry.npmjs.org/long/-/long-5.3.2.tgz. Extracting by manifest.
2620 silly tarball no local data for lodash.camelcase@https://registry.npmjs.org/lodash.camelcase/-/lodash.camelcase-4.3.0.tgz. Extracting by manifest.
2621 silly tarball no local data for @js-sdsl/ordered-map@https://registry.npmjs.org/@js-sdsl/ordered-map/-/ordered-map-4.4.2.tgz. Extracting by manifest.
2622 silly tarball no local data for @grpc/proto-loader@https://registry.npmjs.org/@grpc/proto-loader/-/proto-loader-0.8.0.tgz. Extracting by manifest.
2623 silly tarball no local data for upath@https://registry.npmjs.org/upath/-/upath-1.2.0.tgz. Extracting by manifest.
2624 silly tarball no local data for tmp@https://registry.npmjs.org/tmp/-/tmp-0.2.5.tgz. Extracting by manifest.
2625 silly tarball no local data for source-map-support@https://registry.npmjs.org/source-map-support/-/source-map-support-0.5.21.tgz. Extracting by manifest.
2626 silly tarball no local data for require-from-string@https://registry.npmjs.org/require-from-string/-/require-from-string-2.0.2.tgz. Extracting by manifest.
2627 silly tarball no local data for pkg-dir@https://registry.npmjs.org/pkg-dir/-/pkg-dir-7.0.0.tgz. Extracting by manifest.
2628 silly tarball no local data for picomatch@https://registry.npmjs.org/picomatch/-/picomatch-3.0.1.tgz. Extracting by manifest.
2629 silly tarball no local data for normalize-package-data@https://registry.npmjs.org/normalize-package-data/-/normalize-package-data-6.0.2.tgz. Extracting by manifest.
2630 silly tarball no local data for minimist@https://registry.npmjs.org/minimist/-/minimist-1.2.8.tgz. Extracting by manifest.
2631 silly tarball no local data for js-yaml@https://registry.npmjs.org/js-yaml/-/js-yaml-3.14.1.tgz. Extracting by manifest.
2632 silly tarball no local data for ini@https://registry.npmjs.org/ini/-/ini-2.0.0.tgz. Extracting by manifest.
2633 silly tarball no local data for got@https://registry.npmjs.org/got/-/got-11.8.6.tgz. Extracting by manifest.
2634 silly tarball no local data for google-protobuf@https://registry.npmjs.org/google-protobuf/-/google-protobuf-3.21.4.tgz. Extracting by manifest.
2635 silly tarball no local data for fdir@https://registry.npmjs.org/fdir/-/fdir-6.5.0.tgz. Extracting by manifest.
2636 silly tarball no local data for execa@https://registry.npmjs.org/execa/-/execa-5.1.1.tgz. Extracting by manifest.
2637 silly tarball no local data for @types/tmp@https://registry.npmjs.org/@types/tmp/-/tmp-0.2.6.tgz. Extracting by manifest.
2638 silly tarball no local data for @types/semver@https://registry.npmjs.org/@types/semver/-/semver-7.7.1.tgz. Extracting by manifest.
2639 silly tarball no local data for @types/google-protobuf@https://registry.npmjs.org/@types/google-protobuf/-/google-protobuf-3.15.12.tgz. Extracting by manifest.
2640 silly tarball no local data for @opentelemetry/sdk-trace-node@https://registry.npmjs.org/@opentelemetry/sdk-trace-node/-/sdk-trace-node-1.30.1.tgz. Extracting by manifest.
2641 silly tarball no local data for @opentelemetry/sdk-trace-base@https://registry.npmjs.org/@opentelemetry/sdk-trace-base/-/sdk-trace-base-1.30.1.tgz. Extracting by manifest.
2642 silly tarball no local data for @opentelemetry/resources@https://registry.npmjs.org/@opentelemetry/resources/-/resources-1.30.1.tgz. Extracting by manifest.
2643 silly tarball no local data for @opentelemetry/instrumentation-grpc@https://registry.npmjs.org/@opentelemetry/instrumentation-grpc/-/instrumentation-grpc-0.55.0.tgz. Extracting by manifest.
2644 silly tarball no local data for @opentelemetry/instrumentation@https://registry.npmjs.org/@opentelemetry/instrumentation/-/instrumentation-0.55.0.tgz. Extracting by manifest.
2645 silly tarball no local data for @opentelemetry/exporter-zipkin@https://registry.npmjs.org/@opentelemetry/exporter-zipkin/-/exporter-zipkin-1.30.1.tgz. Extracting by manifest.
2646 silly tarball no local data for @opentelemetry/api@https://registry.npmjs.org/@opentelemetry/api/-/api-1.9.0.tgz. Extracting by manifest.
2647 silly tarball no local data for @npmcli/arborist@https://registry.npmjs.org/@npmcli/arborist/-/arborist-7.5.4.tgz. Extracting by manifest.
2648 silly tarball no local data for @logdna/tail-file@https://registry.npmjs.org/@logdna/tail-file/-/tail-file-2.2.0.tgz. Extracting by manifest.
2649 silly tarball no local data for @grpc/grpc-js@https://registry.npmjs.org/@grpc/grpc-js/-/grpc-js-1.14.0.tgz. Extracting by manifest.
2650 silly tarball no local data for semver@https://registry.npmjs.org/semver/-/semver-5.7.2.tgz. Extracting by manifest.
2651 silly tarball no local data for fast-xml-parser@https://registry.npmjs.org/fast-xml-parser/-/fast-xml-parser-5.2.5.tgz. Extracting by manifest.
2652 silly tarball no local data for bowser@https://registry.npmjs.org/bowser/-/bowser-2.12.1.tgz. Extracting by manifest.
2653 silly tarball no local data for @smithy/util-config-provider@https://registry.npmjs.org/@smithy/util-config-provider/-/util-config-provider-4.2.0.tgz. Extracting by manifest.
2654 silly tarball no local data for @aws/lambda-invoke-store@https://registry.npmjs.org/@aws/lambda-invoke-store/-/lambda-invoke-store-0.0.1.tgz. Extracting by manifest.
2655 silly tarball no local data for @aws-sdk/token-providers@https://registry.npmjs.org/@aws-sdk/token-providers/-/token-providers-3.908.0.tgz. Extracting by manifest.
2656 silly tarball no local data for @aws-sdk/client-sso@https://registry.npmjs.org/@aws-sdk/client-sso/-/client-sso-3.908.0.tgz. Extracting by manifest.
2657 silly tarball no local data for @aws-sdk/nested-clients@https://registry.npmjs.org/@aws-sdk/nested-clients/-/nested-clients-3.908.0.tgz. Extracting by manifest.
2658 silly tarball no local data for @smithy/util-stream@https://registry.npmjs.org/@smithy/util-stream/-/util-stream-4.5.2.tgz. Extracting by manifest.
2659 silly tarball no local data for @smithy/shared-ini-file-loader@https://registry.npmjs.org/@smithy/shared-ini-file-loader/-/shared-ini-file-loader-4.3.2.tgz. Extracting by manifest.
2660 silly tarball no local data for @smithy/credential-provider-imds@https://registry.npmjs.org/@smithy/credential-provider-imds/-/credential-provider-imds-4.2.2.tgz. Extracting by manifest.
2661 silly tarball no local data for @aws-sdk/credential-provider-web-identity@https://registry.npmjs.org/@aws-sdk/credential-provider-web-identity/-/credential-provider-web-identity-3.908.0.tgz. Extracting by manifest.
2662 silly tarball no local data for @aws-sdk/credential-provider-sso@https://registry.npmjs.org/@aws-sdk/credential-provider-sso/-/credential-provider-sso-3.908.0.tgz. Extracting by manifest.
2663 silly tarball no local data for @aws-sdk/credential-provider-process@https://registry.npmjs.org/@aws-sdk/credential-provider-process/-/credential-provider-process-3.908.0.tgz. Extracting by manifest.
2664 silly tarball no local data for @aws-sdk/credential-provider-ini@https://registry.npmjs.org/@aws-sdk/credential-provider-ini/-/credential-provider-ini-3.908.0.tgz. Extracting by manifest.
2665 silly tarball no local data for @aws-sdk/credential-provider-http@https://registry.npmjs.org/@aws-sdk/credential-provider-http/-/credential-provider-http-3.908.0.tgz. Extracting by manifest.
2666 silly tarball no local data for @aws-sdk/credential-provider-env@https://registry.npmjs.org/@aws-sdk/credential-provider-env/-/credential-provider-env-3.908.0.tgz. Extracting by manifest.
2667 silly tarball no local data for @smithy/signature-v4@https://registry.npmjs.org/@smithy/signature-v4/-/signature-v4-5.3.2.tgz. Extracting by manifest.
2668 silly tarball no local data for @smithy/property-provider@https://registry.npmjs.org/@smithy/property-provider/-/property-provider-4.2.2.tgz. Extracting by manifest.
2669 silly tarball no local data for @aws-sdk/xml-builder@https://registry.npmjs.org/@aws-sdk/xml-builder/-/xml-builder-3.901.0.tgz. Extracting by manifest.
2670 silly tarball no local data for @aws-sdk/util-locate-window@https://registry.npmjs.org/@aws-sdk/util-locate-window/-/util-locate-window-3.893.0.tgz. Extracting by manifest.
2671 silly tarball no local data for @aws-crypto/util@https://registry.npmjs.org/@aws-crypto/util/-/util-5.2.0.tgz. Extracting by manifest.
2672 silly tarball no local data for @aws-crypto/supports-web-crypto@https://registry.npmjs.org/@aws-crypto/supports-web-crypto/-/supports-web-crypto-5.2.0.tgz. Extracting by manifest.
2673 silly tarball no local data for tslib@https://registry.npmjs.org/tslib/-/tslib-2.8.1.tgz. Extracting by manifest.
2674 silly tarball no local data for @smithy/uuid@https://registry.npmjs.org/@smithy/uuid/-/uuid-1.1.0.tgz. Extracting by manifest.
2675 silly tarball no local data for @smithy/util-waiter@https://registry.npmjs.org/@smithy/util-waiter/-/util-waiter-4.2.2.tgz. Extracting by manifest.
2676 silly tarball no local data for @smithy/util-utf8@https://registry.npmjs.org/@smithy/util-utf8/-/util-utf8-4.2.0.tgz. Extracting by manifest.
2677 silly tarball no local data for @smithy/util-retry@https://registry.npmjs.org/@smithy/util-retry/-/util-retry-4.2.2.tgz. Extracting by manifest.
2678 silly tarball no local data for @smithy/util-middleware@https://registry.npmjs.org/@smithy/util-middleware/-/util-middleware-4.2.2.tgz. Extracting by manifest.
2679 silly tarball no local data for @smithy/util-endpoints@https://registry.npmjs.org/@smithy/util-endpoints/-/util-endpoints-3.2.2.tgz. Extracting by manifest.
2680 silly tarball no local data for @smithy/util-defaults-mode-node@https://registry.npmjs.org/@smithy/util-defaults-mode-node/-/util-defaults-mode-node-4.2.3.tgz. Extracting by manifest.
2681 silly tarball no local data for @smithy/util-defaults-mode-browser@https://registry.npmjs.org/@smithy/util-defaults-mode-browser/-/util-defaults-mode-browser-4.3.2.tgz. Extracting by manifest.
2682 silly tarball no local data for @smithy/util-body-length-node@https://registry.npmjs.org/@smithy/util-body-length-node/-/util-body-length-node-4.2.1.tgz. Extracting by manifest.
2683 silly tarball no local data for @smithy/util-body-length-browser@https://registry.npmjs.org/@smithy/util-body-length-browser/-/util-body-length-browser-4.2.0.tgz. Extracting by manifest.
2684 silly tarball no local data for @smithy/util-base64@https://registry.npmjs.org/@smithy/util-base64/-/util-base64-4.3.0.tgz. Extracting by manifest.
2685 silly tarball no local data for @smithy/url-parser@https://registry.npmjs.org/@smithy/url-parser/-/url-parser-4.2.2.tgz. Extracting by manifest.
2686 silly tarball no local data for @smithy/types@https://registry.npmjs.org/@smithy/types/-/types-4.7.1.tgz. Extracting by manifest.
2687 silly tarball no local data for @smithy/smithy-client@https://registry.npmjs.org/@smithy/smithy-client/-/smithy-client-4.8.1.tgz. Extracting by manifest.
2688 silly tarball no local data for @smithy/protocol-http@https://registry.npmjs.org/@smithy/protocol-http/-/protocol-http-5.3.2.tgz. Extracting by manifest.
2689 silly tarball no local data for @smithy/node-http-handler@https://registry.npmjs.org/@smithy/node-http-handler/-/node-http-handler-4.4.1.tgz. Extracting by manifest.
2690 silly tarball no local data for @smithy/node-config-provider@https://registry.npmjs.org/@smithy/node-config-provider/-/node-config-provider-4.3.2.tgz. Extracting by manifest.
2691 silly tarball no local data for @smithy/middleware-stack@https://registry.npmjs.org/@smithy/middleware-stack/-/middleware-stack-4.2.2.tgz. Extracting by manifest.
2692 silly tarball no local data for @smithy/middleware-serde@https://registry.npmjs.org/@smithy/middleware-serde/-/middleware-serde-4.2.2.tgz. Extracting by manifest.
2693 silly tarball no local data for @smithy/middleware-retry@https://registry.npmjs.org/@smithy/middleware-retry/-/middleware-retry-4.4.3.tgz. Extracting by manifest.
2694 silly tarball no local data for @smithy/middleware-endpoint@https://registry.npmjs.org/@smithy/middleware-endpoint/-/middleware-endpoint-4.3.3.tgz. Extracting by manifest.
2695 silly tarball no local data for @smithy/middleware-content-length@https://registry.npmjs.org/@smithy/middleware-content-length/-/middleware-content-length-4.2.2.tgz. Extracting by manifest.
2696 silly tarball no local data for @smithy/invalid-dependency@https://registry.npmjs.org/@smithy/invalid-dependency/-/invalid-dependency-4.2.2.tgz. Extracting by manifest.
2697 silly tarball no local data for @smithy/hash-node@https://registry.npmjs.org/@smithy/hash-node/-/hash-node-4.2.2.tgz. Extracting by manifest.
2698 silly tarball no local data for @smithy/fetch-http-handler@https://registry.npmjs.org/@smithy/fetch-http-handler/-/fetch-http-handler-5.3.3.tgz. Extracting by manifest.
2699 silly tarball no local data for @smithy/core@https://registry.npmjs.org/@smithy/core/-/core-3.16.1.tgz. Extracting by manifest.
2700 silly tarball no local data for @smithy/config-resolver@https://registry.npmjs.org/@smithy/config-resolver/-/config-resolver-4.3.2.tgz. Extracting by manifest.
2701 silly tarball no local data for @aws-sdk/util-user-agent-node@https://registry.npmjs.org/@aws-sdk/util-user-agent-node/-/util-user-agent-node-3.908.0.tgz. Extracting by manifest.
2702 silly tarball no local data for @aws-sdk/util-user-agent-browser@https://registry.npmjs.org/@aws-sdk/util-user-agent-browser/-/util-user-agent-browser-3.907.0.tgz. Extracting by manifest.
2703 silly tarball no local data for @aws-sdk/util-endpoints@https://registry.npmjs.org/@aws-sdk/util-endpoints/-/util-endpoints-3.901.0.tgz. Extracting by manifest.
2704 silly tarball no local data for @aws-sdk/types@https://registry.npmjs.org/@aws-sdk/types/-/types-3.901.0.tgz. Extracting by manifest.
2705 silly tarball no local data for @aws-sdk/region-config-resolver@https://registry.npmjs.org/@aws-sdk/region-config-resolver/-/region-config-resolver-3.901.0.tgz. Extracting by manifest.
2706 silly tarball no local data for @aws-sdk/middleware-user-agent@https://registry.npmjs.org/@aws-sdk/middleware-user-agent/-/middleware-user-agent-3.908.0.tgz. Extracting by manifest.
2707 silly tarball no local data for @aws-sdk/middleware-recursion-detection@https://registry.npmjs.org/@aws-sdk/middleware-recursion-detection/-/middleware-recursion-detection-3.901.0.tgz. Extracting by manifest.
2708 silly tarball no local data for @aws-sdk/middleware-logger@https://registry.npmjs.org/@aws-sdk/middleware-logger/-/middleware-logger-3.901.0.tgz. Extracting by manifest.
2709 silly tarball no local data for @aws-sdk/middleware-host-header@https://registry.npmjs.org/@aws-sdk/middleware-host-header/-/middleware-host-header-3.901.0.tgz. Extracting by manifest.
2710 silly tarball no local data for @aws-sdk/credential-provider-node@https://registry.npmjs.org/@aws-sdk/credential-provider-node/-/credential-provider-node-3.908.0.tgz. Extracting by manifest.
2711 silly tarball no local data for @aws-sdk/core@https://registry.npmjs.org/@aws-sdk/core/-/core-3.908.0.tgz. Extracting by manifest.
2712 silly tarball no local data for @aws-crypto/sha256-js@https://registry.npmjs.org/@aws-crypto/sha256-js/-/sha256-js-5.2.0.tgz. Extracting by manifest.
2713 silly tarball no local data for @aws-crypto/sha256-browser@https://registry.npmjs.org/@aws-crypto/sha256-browser/-/sha256-browser-5.2.0.tgz. Extracting by manifest.
2714 silly tarball no local data for docker-classic@https://registry.npmjs.org/@pulumi/docker/-/docker-3.6.1.tgz. Extracting by manifest.
2715 silly tarball no local data for @types/aws-lambda@https://registry.npmjs.org/@types/aws-lambda/-/aws-lambda-8.10.155.tgz. Extracting by manifest.
2716 silly tarball no local data for @pulumi/docker-build@https://registry.npmjs.org/@pulumi/docker-build/-/docker-build-0.0.8.tgz. Extracting by manifest.
2717 silly tarball no local data for @pulumi/docker@https://registry.npmjs.org/@pulumi/docker/-/docker-4.9.0.tgz. Extracting by manifest.
2718 silly tarball no local data for @aws-sdk/client-ecs@https://registry.npmjs.org/@aws-sdk/client-ecs/-/client-ecs-3.908.0.tgz. Extracting by manifest.
2719 silly tarball no local data for mime@https://registry.npmjs.org/mime/-/mime-2.6.0.tgz. Extracting by manifest.
2720 silly tarball no local data for typescript@https://registry.npmjs.org/typescript/-/typescript-5.9.3.tgz. Extracting by manifest.
2721 silly tarball no local data for @types/node@https://registry.npmjs.org/@types/node/-/node-18.19.130.tgz. Extracting by manifest.
2722 silly tarball no local data for @pulumi/pulumi@https://registry.npmjs.org/@pulumi/pulumi/-/pulumi-3.202.0.tgz. Extracting by manifest.
2723 silly tarball no local data for @pulumi/awsx@https://registry.npmjs.org/@pulumi/awsx/-/awsx-3.0.0.tgz. Extracting by manifest.
2724 silly tarball no local data for @pulumi/aws@https://registry.npmjs.org/@pulumi/aws/-/aws-7.8.0.tgz. Extracting by manifest.
2725 silly tarball no local data for ansi-styles@https://registry.npmjs.org/ansi-styles/-/ansi-styles-4.3.0.tgz. Extracting by manifest.
2726 silly tarball no local data for ansi-regex@https://registry.npmjs.org/ansi-regex/-/ansi-regex-5.0.1.tgz. Extracting by manifest.
2727 silly tarball no local data for emoji-regex@https://registry.npmjs.org/emoji-regex/-/emoji-regex-8.0.0.tgz. Extracting by manifest.
2728 silly tarball no local data for wrap-ansi@https://registry.npmjs.org/wrap-ansi/-/wrap-ansi-7.0.0.tgz. Extracting by manifest.
2729 silly tarball no local data for strip-ansi@https://registry.npmjs.org/strip-ansi/-/strip-ansi-6.0.1.tgz. Extracting by manifest.
2730 silly tarball no local data for string-width@https://registry.npmjs.org/string-width/-/string-width-4.2.3.tgz. Extracting by manifest.
2731 silly tarball no local data for minipass@https://registry.npmjs.org/minipass/-/minipass-3.3.6.tgz. Extracting by manifest.
2732 silly tarball no local data for minipass@https://registry.npmjs.org/minipass/-/minipass-3.3.6.tgz. Extracting by manifest.
2733 silly tarball no local data for ansi-regex@https://registry.npmjs.org/ansi-regex/-/ansi-regex-5.0.1.tgz. Extracting by manifest.
2734 silly tarball no local data for emoji-regex@https://registry.npmjs.org/emoji-regex/-/emoji-regex-8.0.0.tgz. Extracting by manifest.
2735 silly tarball no local data for strip-ansi@https://registry.npmjs.org/strip-ansi/-/strip-ansi-6.0.1.tgz. Extracting by manifest.
2736 silly tarball no local data for string-width@https://registry.npmjs.org/string-width/-/string-width-4.2.3.tgz. Extracting by manifest.
2737 silly tarball no local data for ansi-styles@https://registry.npmjs.org/ansi-styles/-/ansi-styles-4.3.0.tgz. Extracting by manifest.
2738 silly tarball no local data for ansi-regex@https://registry.npmjs.org/ansi-regex/-/ansi-regex-5.0.1.tgz. Extracting by manifest.
2739 silly tarball no local data for ansi-regex@https://registry.npmjs.org/ansi-regex/-/ansi-regex-5.0.1.tgz. Extracting by manifest.
2740 silly tarball no local data for strip-ansi@https://registry.npmjs.org/strip-ansi/-/strip-ansi-6.0.1.tgz. Extracting by manifest.
2741 silly tarball no local data for emoji-regex@https://registry.npmjs.org/emoji-regex/-/emoji-regex-8.0.0.tgz. Extracting by manifest.
2742 silly tarball no local data for mimic-response@https://registry.npmjs.org/mimic-response/-/mimic-response-3.1.0.tgz. Extracting by manifest.
2743 silly tarball no local data for get-stream@https://registry.npmjs.org/get-stream/-/get-stream-5.2.0.tgz. Extracting by manifest.
2744 silly tarball no local data for signal-exit@https://registry.npmjs.org/signal-exit/-/signal-exit-4.1.0.tgz. Extracting by manifest.
2745 silly tarball no local data for isexe@https://registry.npmjs.org/isexe/-/isexe-2.0.0.tgz. Extracting by manifest.
2746 silly tarball no local data for which@https://registry.npmjs.org/which/-/which-2.0.2.tgz. Extracting by manifest.
2747 silly tarball no local data for minipass@https://registry.npmjs.org/minipass/-/minipass-5.0.0.tgz. Extracting by manifest.
2748 silly tarball no local data for fs-minipass@https://registry.npmjs.org/fs-minipass/-/fs-minipass-2.1.0.tgz. Extracting by manifest.
2749 silly tarball no local data for minipass@https://registry.npmjs.org/minipass/-/minipass-3.3.6.tgz. Extracting by manifest.
2750 silly tarball no local data for minipass@https://registry.npmjs.org/minipass/-/minipass-3.3.6.tgz. Extracting by manifest.
2751 silly tarball no local data for minipass@https://registry.npmjs.org/minipass/-/minipass-3.3.6.tgz. Extracting by manifest.
2752 silly tarball no local data for signal-exit@https://registry.npmjs.org/signal-exit/-/signal-exit-4.1.0.tgz. Extracting by manifest.
2753 silly tarball no local data for semver@https://registry.npmjs.org/semver/-/semver-7.7.3.tgz. Extracting by manifest.
2754 silly tarball no local data for semver@https://registry.npmjs.org/semver/-/semver-7.7.3.tgz. Extracting by manifest.
2755 silly tarball no local data for ini@https://registry.npmjs.org/ini/-/ini-4.1.3.tgz. Extracting by manifest.
2756 silly tarball no local data for semver@https://registry.npmjs.org/semver/-/semver-7.7.3.tgz. Extracting by manifest.
2757 silly tarball no local data for semver@https://registry.npmjs.org/semver/-/semver-7.7.3.tgz. Extracting by manifest.
2758 silly tarball no local data for semver@https://registry.npmjs.org/semver/-/semver-7.7.3.tgz. Extracting by manifest.
2759 silly tarball no local data for semver@https://registry.npmjs.org/semver/-/semver-7.7.3.tgz. Extracting by manifest.
2760 silly tarball no local data for semver@https://registry.npmjs.org/semver/-/semver-7.7.3.tgz. Extracting by manifest.
2761 silly tarball no local data for semver@https://registry.npmjs.org/semver/-/semver-7.7.3.tgz. Extracting by manifest.
2762 silly tarball no local data for ansi-regex@https://registry.npmjs.org/ansi-regex/-/ansi-regex-5.0.1.tgz. Extracting by manifest.
2763 silly tarball no local data for strip-ansi@https://registry.npmjs.org/strip-ansi/-/strip-ansi-6.0.1.tgz. Extracting by manifest.
2764 silly tarball no local data for emoji-regex@https://registry.npmjs.org/emoji-regex/-/emoji-regex-8.0.0.tgz. Extracting by manifest.
2765 silly tarball no local data for string-width@https://registry.npmjs.org/string-width/-/string-width-4.2.3.tgz. Extracting by manifest.
2766 silly tarball no local data for semver@https://registry.npmjs.org/semver/-/semver-7.7.3.tgz. Extracting by manifest.
2767 silly tarball no local data for semver@https://registry.npmjs.org/semver/-/semver-7.7.3.tgz. Extracting by manifest.
2768 silly tarball no local data for @opentelemetry/semantic-conventions@https://registry.npmjs.org/@opentelemetry/semantic-conventions/-/semantic-conventions-1.27.0.tgz. Extracting by manifest.
2769 silly tarball no local data for semver@https://registry.npmjs.org/semver/-/semver-7.7.3.tgz. Extracting by manifest.
2770 silly tarball no local data for semver@https://registry.npmjs.org/semver/-/semver-7.7.3.tgz. Extracting by manifest.
2771 silly tarball no local data for @smithy/util-buffer-from@https://registry.npmjs.org/@smithy/util-buffer-from/-/util-buffer-from-2.2.0.tgz. Extracting by manifest.
2772 silly tarball no local data for @smithy/is-array-buffer@https://registry.npmjs.org/@smithy/is-array-buffer/-/is-array-buffer-2.2.0.tgz. Extracting by manifest.
2773 silly tarball no local data for @smithy/util-utf8@https://registry.npmjs.org/@smithy/util-utf8/-/util-utf8-2.3.0.tgz. Extracting by manifest.
2774 silly tarball no local data for @smithy/is-array-buffer@https://registry.npmjs.org/@smithy/is-array-buffer/-/is-array-buffer-2.2.0.tgz. Extracting by manifest.
2775 silly tarball no local data for @smithy/util-buffer-from@https://registry.npmjs.org/@smithy/util-buffer-from/-/util-buffer-from-2.2.0.tgz. Extracting by manifest.
2776 silly tarball no local data for @smithy/util-utf8@https://registry.npmjs.org/@smithy/util-utf8/-/util-utf8-2.3.0.tgz. Extracting by manifest.
2777 silly tarball no local data for semver@https://registry.npmjs.org/semver/-/semver-7.7.3.tgz. Extracting by manifest.
2778 http fetch POST 200 https://registry.npmjs.org/-/npm/v1/security/advisories/bulk 328ms
2779 silly audit report {}
2780 http fetch GET 200 https://registry.npmjs.org/color-name/-/color-name-1.1.4.tgz 298ms (cache miss)
2781 http fetch GET 200 https://registry.npmjs.org/spdx-exceptions/-/spdx-exceptions-2.5.0.tgz 294ms (cache miss)
2782 http fetch GET 200 https://registry.npmjs.org/spdx-license-ids/-/spdx-license-ids-3.0.22.tgz 295ms (cache miss)
2783 http fetch GET 200 https://registry.npmjs.org/spdx-expression-parse/-/spdx-expression-parse-3.0.1.tgz 296ms (cache miss)
2784 http fetch GET 200 https://registry.npmjs.org/color-convert/-/color-convert-2.0.1.tgz 304ms (cache miss)
2785 http fetch GET 200 https://registry.npmjs.org/spdx-correct/-/spdx-correct-3.2.0.tgz 391ms (cache miss)
2786 http fetch GET 200 https://registry.npmjs.org/imurmurhash/-/imurmurhash-0.1.4.tgz 392ms (cache miss)
2787 http fetch GET 200 https://registry.npmjs.org/get-caller-file/-/get-caller-file-2.0.5.tgz 406ms (cache miss)
2788 http fetch GET 200 https://registry.npmjs.org/end-of-stream/-/end-of-stream-1.4.5.tgz 408ms (cache miss)
2789 http fetch GET 200 https://registry.npmjs.org/once/-/once-1.4.0.tgz 409ms (cache miss)
2790 http fetch GET 200 https://registry.npmjs.org/wrappy/-/wrappy-1.0.2.tgz 420ms (cache miss)
2791 http fetch GET 200 https://registry.npmjs.org/pump/-/pump-3.0.3.tgz 422ms (cache miss)
2792 http fetch GET 200 https://registry.npmjs.org/ansi-styles/-/ansi-styles-6.2.3.tgz 447ms (cache miss)
2793 http fetch GET 200 https://registry.npmjs.org/escalade/-/escalade-3.2.0.tgz 448ms (cache miss)
2794 http fetch GET 200 https://registry.npmjs.org/unique-slug/-/unique-slug-4.0.0.tgz 451ms (cache miss)
2795 http fetch GET 200 https://registry.npmjs.org/@tufjs/canonical-json/-/canonical-json-2.0.0.tgz 484ms (cache miss)
2796 http fetch GET 200 https://registry.npmjs.org/y18n/-/y18n-5.0.8.tgz 488ms (cache miss)
2797 http fetch GET 200 https://registry.npmjs.org/ansi-regex/-/ansi-regex-6.2.2.tgz 488ms (cache miss)
2798 http fetch GET 200 https://registry.npmjs.org/eastasianwidth/-/eastasianwidth-0.2.0.tgz 487ms (cache miss)
2799 http fetch GET 200 https://registry.npmjs.org/is-fullwidth-code-point/-/is-fullwidth-code-point-3.0.0.tgz 496ms (cache miss)
2800 http fetch GET 200 https://registry.npmjs.org/require-directory/-/require-directory-2.1.1.tgz 503ms (cache miss)
2801 http fetch GET 200 https://registry.npmjs.org/function-bind/-/function-bind-1.1.2.tgz 496ms (cache miss)
2802 http fetch GET 200 https://registry.npmjs.org/chownr/-/chownr-2.0.0.tgz 511ms (cache miss)
2803 http fetch GET 200 https://registry.npmjs.org/buffer-from/-/buffer-from-1.1.2.tgz 511ms (cache miss)
2804 http fetch GET 200 https://registry.npmjs.org/hasown/-/hasown-2.0.2.tgz 524ms (cache miss)
2805 http fetch GET 200 https://registry.npmjs.org/shebang-regex/-/shebang-regex-3.0.0.tgz 524ms (cache miss)
2806 http fetch GET 200 https://registry.npmjs.org/path-parse/-/path-parse-1.0.7.tgz 524ms (cache miss)
2807 http fetch GET 200 https://registry.npmjs.org/cliui/-/cliui-8.0.1.tgz 539ms (cache miss)
2808 http fetch GET 200 https://registry.npmjs.org/@protobufjs/inquire/-/inquire-1.1.0.tgz 573ms (cache miss)
2809 http fetch GET 200 https://registry.npmjs.org/@protobufjs/eventemitter/-/eventemitter-1.1.0.tgz 572ms (cache miss)
2810 http fetch GET 200 https://registry.npmjs.org/err-code/-/err-code-2.0.3.tgz 572ms (cache miss)
2811 http fetch GET 200 https://registry.npmjs.org/@protobufjs/base64/-/base64-1.1.2.tgz 573ms (cache miss)
2812 http fetch GET 200 https://registry.npmjs.org/@protobufjs/path/-/path-1.1.2.tgz 585ms (cache miss)
2813 http fetch GET 200 https://registry.npmjs.org/p-limit/-/p-limit-4.0.0.tgz 583ms (cache miss)
2814 http fetch GET 200 https://registry.npmjs.org/supports-preserve-symlinks-flag/-/supports-preserve-symlinks-flag-1.0.0.tgz 590ms (cache miss)
2815 http fetch GET 200 https://registry.npmjs.org/@protobufjs/fetch/-/fetch-1.1.0.tgz 596ms (cache miss)
2816 http fetch GET 200 https://registry.npmjs.org/@protobufjs/codegen/-/codegen-2.0.4.tgz 596ms (cache miss)
2817 http fetch GET 200 https://registry.npmjs.org/@protobufjs/aspromise/-/aspromise-1.1.2.tgz 595ms (cache miss)
2818 http fetch GET 200 https://registry.npmjs.org/cssesc/-/cssesc-3.0.0.tgz 594ms (cache miss)
2819 http fetch GET 200 https://registry.npmjs.org/@protobufjs/float/-/float-1.0.2.tgz 608ms (cache miss)
2820 http fetch GET 200 https://registry.npmjs.org/@protobufjs/pool/-/pool-1.1.0.tgz 608ms (cache miss)
2821 http fetch GET 200 https://registry.npmjs.org/mkdirp/-/mkdirp-1.0.4.tgz 632ms (cache miss)
2822 http fetch GET 200 https://registry.npmjs.org/util-deprecate/-/util-deprecate-1.0.2.tgz 625ms (cache miss)
2823 http fetch GET 200 https://registry.npmjs.org/path-exists/-/path-exists-5.0.0.tgz 623ms (cache miss)
2824 http fetch GET 200 https://registry.npmjs.org/indent-string/-/indent-string-4.0.0.tgz 622ms (cache miss)
2825 http fetch GET 200 https://registry.npmjs.org/yocto-queue/-/yocto-queue-1.2.1.tgz 642ms (cache miss)
2826 http fetch GET 200 https://registry.npmjs.org/locate-path/-/locate-path-7.2.0.tgz 641ms (cache miss)
2827 http fetch GET 200 https://registry.npmjs.org/mimic-fn/-/mimic-fn-2.1.0.tgz 650ms (cache miss)
2828 http fetch GET 200 https://registry.npmjs.org/aggregate-error/-/aggregate-error-3.1.0.tgz 651ms (cache miss)
2829 http fetch GET 200 https://registry.npmjs.org/emoji-regex/-/emoji-regex-9.2.2.tgz 672ms (cache miss)
2830 http fetch GET 200 https://registry.npmjs.org/find-up/-/find-up-6.3.0.tgz 664ms (cache miss)
2831 http fetch GET 200 https://registry.npmjs.org/ignore-walk/-/ignore-walk-6.0.5.tgz 663ms (cache miss)
2832 http fetch GET 200 https://registry.npmjs.org/p-locate/-/p-locate-6.0.0.tgz 685ms (cache miss)
2833 http fetch GET 200 https://registry.npmjs.org/npm-packlist/-/npm-packlist-8.0.2.tgz 682ms (cache miss)
2834 http fetch GET 200 https://registry.npmjs.org/just-diff-apply/-/just-diff-apply-5.5.0.tgz 695ms (cache miss)
2835 http fetch GET 200 https://registry.npmjs.org/yargs-parser/-/yargs-parser-21.1.1.tgz 731ms (cache miss)
2836 http fetch GET 200 https://registry.npmjs.org/clean-stack/-/clean-stack-2.2.0.tgz 715ms (cache miss)
2837 http fetch GET 200 https://registry.npmjs.org/ms/-/ms-2.1.3.tgz 712ms (cache miss)
2838 http fetch GET 200 https://registry.npmjs.org/retry/-/retry-0.12.0.tgz 732ms (cache miss)
2839 http fetch GET 200 https://registry.npmjs.org/sigstore/-/sigstore-2.3.1.tgz 729ms (cache miss)
2840 http fetch GET 200 https://registry.npmjs.org/just-diff/-/just-diff-6.0.2.tgz 729ms (cache miss)
2841 http fetch GET 200 https://registry.npmjs.org/encoding/-/encoding-0.1.13.tgz 726ms (cache miss)
2842 http fetch GET 200 https://registry.npmjs.org/yallist/-/yallist-4.0.0.tgz 744ms (cache miss)
2843 http fetch GET 200 https://registry.npmjs.org/abbrev/-/abbrev-2.0.0.tgz 744ms (cache miss)
2844 http fetch GET 200 https://registry.npmjs.org/validate-npm-package-name/-/validate-npm-package-name-5.0.1.tgz 745ms (cache miss)
2845 http fetch GET 200 https://registry.npmjs.org/debug/-/debug-4.4.3.tgz 743ms (cache miss)
2846 http fetch GET 200 https://registry.npmjs.org/tuf-js/-/tuf-js-2.2.1.tgz 771ms (cache miss)
2847 http fetch GET 200 https://registry.npmjs.org/@sigstore/bundle/-/bundle-2.3.2.tgz 770ms (cache miss)
2848 http fetch GET 200 https://registry.npmjs.org/is-lambda/-/is-lambda-1.0.1.tgz 759ms (cache miss)
2849 http fetch GET 200 https://registry.npmjs.org/is-core-module/-/is-core-module-2.16.1.tgz 783ms (cache miss)
2850 http fetch GET 200 https://registry.npmjs.org/validate-npm-package-license/-/validate-npm-package-license-3.0.4.tgz 777ms (cache miss)
2851 http fetch GET 200 https://registry.npmjs.org/balanced-match/-/balanced-match-1.0.2.tgz 773ms (cache miss)
2852 http fetch GET 200 https://registry.npmjs.org/brace-expansion/-/brace-expansion-2.0.2.tgz 774ms (cache miss)
2853 http fetch GET 200 https://registry.npmjs.org/graceful-fs/-/graceful-fs-4.2.11.tgz 790ms (cache miss)
2854 http fetch GET 200 https://registry.npmjs.org/@npmcli/agent/-/agent-2.2.2.tgz 792ms (cache miss)
2855 http fetch GET 200 https://registry.npmjs.org/isexe/-/isexe-3.1.1.tgz 827ms (cache miss)
2856 http fetch GET 200 https://registry.npmjs.org/env-paths/-/env-paths-2.2.1.tgz 808ms (cache miss)
2857 http fetch GET 200 https://registry.npmjs.org/wrap-ansi/-/wrap-ansi-8.1.0.tgz 805ms (cache miss)
2858 http fetch GET 200 https://registry.npmjs.org/https-proxy-agent/-/https-proxy-agent-7.0.6.tgz 818ms (cache miss)
2859 http fetch GET 200 https://registry.npmjs.org/json-buffer/-/json-buffer-3.0.1.tgz 816ms (cache miss)
2860 http fetch GET 200 https://registry.npmjs.org/wrap-ansi/-/wrap-ansi-7.0.0.tgz 815ms (cache miss)
2861 http fetch GET 200 https://registry.npmjs.org/strip-ansi/-/strip-ansi-6.0.1.tgz 815ms (cache miss)
2862 http fetch GET 200 https://registry.npmjs.org/string-width/-/string-width-5.1.2.tgz 814ms (cache miss)
2863 http fetch GET 200 https://registry.npmjs.org/module-details-from-path/-/module-details-from-path-1.0.4.tgz 826ms (cache miss)
2864 http fetch GET 200 https://registry.npmjs.org/resolve-alpn/-/resolve-alpn-1.2.1.tgz 826ms (cache miss)
2865 http fetch GET 200 https://registry.npmjs.org/@sigstore/tuf/-/tuf-2.3.4.tgz 857ms (cache miss)
2866 http fetch GET 200 https://registry.npmjs.org/@protobufjs/utf8/-/utf8-1.1.0.tgz 856ms (cache miss)
2867 http fetch GET 200 https://registry.npmjs.org/strip-ansi/-/strip-ansi-7.1.2.tgz 840ms (cache miss)
2868 http fetch GET 200 https://registry.npmjs.org/mimic-response/-/mimic-response-1.0.1.tgz 838ms (cache miss)
2869 http fetch GET 200 https://registry.npmjs.org/safer-buffer/-/safer-buffer-2.1.2.tgz 865ms (cache miss)
2870 http fetch GET 200 https://registry.npmjs.org/minizlib/-/minizlib-2.1.2.tgz 859ms (cache miss)
2871 http fetch GET 200 https://registry.npmjs.org/string-width/-/string-width-4.2.3.tgz 858ms (cache miss)
2872 http fetch GET 200 https://registry.npmjs.org/acorn-import-attributes/-/acorn-import-attributes-1.9.5.tgz 877ms (cache miss)
2873 http fetch GET 200 https://registry.npmjs.org/normalize-url/-/normalize-url-6.1.0.tgz 877ms (cache miss)
2874 http fetch GET 200 https://registry.npmjs.org/quick-lru/-/quick-lru-5.1.1.tgz 877ms (cache miss)
2875 http fetch GET 200 https://registry.npmjs.org/lowercase-keys/-/lowercase-keys-2.0.0.tgz 874ms (cache miss)
2876 http fetch GET 200 https://registry.npmjs.org/@types/keyv/-/keyv-3.1.4.tgz 876ms (cache miss)
2877 http fetch GET 200 https://registry.npmjs.org/make-fetch-happen/-/make-fetch-happen-13.0.1.tgz 903ms (cache miss)
2878 http fetch GET 200 https://registry.npmjs.org/keyv/-/keyv-4.5.4.tgz 898ms (cache miss)
2879 http fetch GET 200 https://registry.npmjs.org/clone-response/-/clone-response-1.0.3.tgz 898ms (cache miss)
2880 http fetch GET 200 https://registry.npmjs.org/defer-to-connect/-/defer-to-connect-2.0.1.tgz 897ms (cache miss)
2881 http fetch GET 200 https://registry.npmjs.org/p-cancelable/-/p-cancelable-2.1.1.tgz 897ms (cache miss)
2882 http fetch GET 200 https://registry.npmjs.org/@isaacs/cliui/-/cliui-8.0.2.tgz 902ms (cache miss)
2883 http fetch GET 200 https://registry.npmjs.org/responselike/-/responselike-2.0.1.tgz 898ms (cache miss)
2884 http fetch GET 200 https://registry.npmjs.org/cacheable-request/-/cacheable-request-7.0.4.tgz 912ms (cache miss)
2885 http fetch GET 200 https://registry.npmjs.org/cacheable-lookup/-/cacheable-lookup-5.0.4.tgz 912ms (cache miss)
2886 http fetch GET 200 https://registry.npmjs.org/negotiator/-/negotiator-0.6.4.tgz 942ms (cache miss)
2887 http fetch GET 200 https://registry.npmjs.org/strnum/-/strnum-2.1.1.tgz 931ms (cache miss)
2888 http fetch GET 200 https://registry.npmjs.org/jsonparse/-/jsonparse-1.3.1.tgz 964ms (cache miss)
2889 http fetch GET 200 https://registry.npmjs.org/socks-proxy-agent/-/socks-proxy-agent-8.0.5.tgz 961ms (cache miss)
2890 http fetch GET 200 https://registry.npmjs.org/http-proxy-agent/-/http-proxy-agent-7.0.2.tgz 961ms (cache miss)
2891 http fetch GET 200 https://registry.npmjs.org/http-cache-semantics/-/http-cache-semantics-4.2.0.tgz 953ms (cache miss)
2892 http fetch GET 200 https://registry.npmjs.org/decompress-response/-/decompress-response-6.0.0.tgz 951ms (cache miss)
2893 http fetch GET 200 https://registry.npmjs.org/shebang-command/-/shebang-command-2.0.0.tgz 949ms (cache miss)
2894 http fetch GET 200 https://registry.npmjs.org/strip-final-newline/-/strip-final-newline-2.0.0.tgz 948ms (cache miss)
2895 http fetch GET 200 https://registry.npmjs.org/npm-run-path/-/npm-run-path-4.0.1.tgz 962ms (cache miss)
2896 http fetch GET 200 https://registry.npmjs.org/@sindresorhus/is/-/is-4.6.0.tgz 978ms (cache miss)
2897 http fetch GET 200 https://registry.npmjs.org/signal-exit/-/signal-exit-3.0.7.tgz 976ms (cache miss)
2898 http fetch GET 200 https://registry.npmjs.org/is-stream/-/is-stream-2.0.1.tgz 975ms (cache miss)
2899 http fetch GET 200 https://registry.npmjs.org/path-key/-/path-key-3.1.1.tgz 977ms (cache miss)
2900 http fetch GET 200 https://registry.npmjs.org/@szmarczak/http-timer/-/http-timer-4.0.6.tgz 979ms (cache miss)
2901 http fetch GET 200 https://registry.npmjs.org/unique-filename/-/unique-filename-3.0.0.tgz 975ms (cache miss)
2902 http fetch GET 200 https://registry.npmjs.org/@types/responselike/-/responselike-1.0.3.tgz 993ms (cache miss)
2903 http fetch GET 200 https://registry.npmjs.org/@types/cacheable-request/-/cacheable-request-6.0.3.tgz 993ms (cache miss)
2904 http fetch GET 200 https://registry.npmjs.org/@types/http-cache-semantics/-/http-cache-semantics-4.0.4.tgz 995ms (cache miss)
2905 http fetch GET 200 https://registry.npmjs.org/merge-stream/-/merge-stream-2.0.0.tgz 990ms (cache miss)
2906 http fetch GET 200 https://registry.npmjs.org/p-map/-/p-map-4.0.0.tgz 989ms (cache miss)
2907 http fetch GET 200 https://registry.npmjs.org/minipass-collect/-/minipass-collect-2.0.1.tgz 988ms (cache miss)
2908 http fetch GET 200 https://registry.npmjs.org/smart-buffer/-/smart-buffer-4.2.0.tgz 1034ms (cache miss)
2909 http fetch GET 200 https://registry.npmjs.org/onetime/-/onetime-5.1.2.tgz 1006ms (cache miss)
2910 http fetch GET 200 https://registry.npmjs.org/minipass-flush/-/minipass-flush-1.0.5.tgz 1003ms (cache miss)
2911 http fetch GET 200 https://registry.npmjs.org/agent-base/-/agent-base-7.1.4.tgz 1036ms (cache miss)
2912 http fetch GET 200 https://registry.npmjs.org/package-json-from-dist/-/package-json-from-dist-1.0.1.tgz 1027ms (cache miss)
2913 http fetch GET 200 https://registry.npmjs.org/get-stream/-/get-stream-6.0.1.tgz 1024ms (cache miss)
2914 http fetch GET 200 https://registry.npmjs.org/write-file-atomic/-/write-file-atomic-5.0.1.tgz 1023ms (cache miss)
2915 http fetch GET 200 https://registry.npmjs.org/@smithy/querystring-parser/-/querystring-parser-4.2.2.tgz 1022ms (cache miss)
2916 http fetch GET 200 https://registry.npmjs.org/minipass-fetch/-/minipass-fetch-3.0.5.tgz 1056ms (cache miss)
2917 http fetch GET 200 https://registry.npmjs.org/sprintf-js/-/sprintf-js-1.0.3.tgz 1054ms (cache miss)
2918 http fetch GET 200 https://registry.npmjs.org/http2-wrapper/-/http2-wrapper-1.0.3.tgz 1047ms (cache miss)
2919 http fetch GET 200 https://registry.npmjs.org/cross-spawn/-/cross-spawn-7.0.6.tgz 1042ms (cache miss)
2920 http fetch GET 200 https://registry.npmjs.org/fs-minipass/-/fs-minipass-3.0.3.tgz 1040ms (cache miss)
2921 http fetch GET 200 https://registry.npmjs.org/read-cmd-shim/-/read-cmd-shim-4.0.0.tgz 1058ms (cache miss)
2922 http fetch GET 200 https://registry.npmjs.org/cmd-shim/-/cmd-shim-6.0.3.tgz 1058ms (cache miss)
2923 http fetch GET 200 https://registry.npmjs.org/@smithy/is-array-buffer/-/is-array-buffer-4.2.0.tgz 1057ms (cache miss)
2924 http fetch GET 200 https://registry.npmjs.org/minipass-pipeline/-/minipass-pipeline-1.2.4.tgz 1074ms (cache miss)
2925 http fetch GET 200 https://registry.npmjs.org/@opentelemetry/propagator-jaeger/-/propagator-jaeger-1.30.1.tgz 1067ms (cache miss)
2926 http fetch GET 200 https://registry.npmjs.org/human-signals/-/human-signals-2.1.0.tgz 1092ms (cache miss)
2927 http fetch GET 200 https://registry.npmjs.org/@smithy/util-uri-escape/-/util-uri-escape-4.2.0.tgz 1088ms (cache miss)
2928 http fetch GET 200 https://registry.npmjs.org/@types/shimmer/-/shimmer-1.2.0.tgz 1083ms (cache miss)
2929 http fetch GET 200 https://registry.npmjs.org/@smithy/abort-controller/-/abort-controller-4.2.2.tgz 1100ms (cache miss)
2930 http fetch GET 200 https://registry.npmjs.org/@smithy/service-error-classification/-/service-error-classification-4.2.2.tgz 1096ms (cache miss)
2931 http fetch GET 200 https://registry.npmjs.org/@smithy/querystring-builder/-/querystring-builder-4.2.2.tgz 1096ms (cache miss)
2932 http fetch GET 200 https://registry.npmjs.org/require-in-the-middle/-/require-in-the-middle-7.5.2.tgz 1095ms (cache miss)
2933 http fetch GET 200 https://registry.npmjs.org/minipass-sized/-/minipass-sized-1.0.3.tgz 1138ms (cache miss)
2934 http fetch GET 200 https://registry.npmjs.org/shimmer/-/shimmer-1.2.1.tgz 1113ms (cache miss)
2935 http fetch GET 200 https://registry.npmjs.org/@smithy/util-hex-encoding/-/util-hex-encoding-4.2.0.tgz 1120ms (cache miss)
2936 http fetch GET 200 https://registry.npmjs.org/which/-/which-4.0.0.tgz 1111ms (cache miss)
2937 http fetch GET 200 https://registry.npmjs.org/promise-inflight/-/promise-inflight-1.0.1.tgz 1112ms (cache miss)
2938 http fetch GET 200 https://registry.npmjs.org/npm-normalize-package-bin/-/npm-normalize-package-bin-3.0.1.tgz 1111ms (cache miss)
2939 http fetch GET 200 https://registry.npmjs.org/npm-bundled/-/npm-bundled-3.0.1.tgz 1110ms (cache miss)
2940 http fetch GET 200 https://registry.npmjs.org/walk-up-path/-/walk-up-path-3.0.1.tgz 1126ms (cache miss)
2941 http fetch GET 200 https://registry.npmjs.org/@smithy/util-buffer-from/-/util-buffer-from-4.2.0.tgz 1157ms (cache miss)
2942 http fetch GET 200 https://registry.npmjs.org/@npmcli/promise-spawn/-/promise-spawn-7.0.2.tgz 1153ms (cache miss)
2943 http fetch GET 200 https://registry.npmjs.org/promise-retry/-/promise-retry-2.0.1.tgz 1168ms (cache miss)
2944 http fetch GET 200 https://registry.npmjs.org/treeverse/-/treeverse-3.0.0.tgz 1166ms (cache miss)
2945 http fetch GET 200 https://registry.npmjs.org/ssri/-/ssri-10.0.6.tgz 1167ms (cache miss)
2946 http fetch GET 200 https://registry.npmjs.org/promise-call-limit/-/promise-call-limit-3.0.2.tgz 1166ms (cache miss)
2947 http fetch GET 200 https://registry.npmjs.org/parse-conflict-json/-/parse-conflict-json-3.0.1.tgz 1165ms (cache miss)
2948 http fetch GET 200 https://registry.npmjs.org/@tufjs/models/-/models-2.0.1.tgz 1224ms (cache miss)
2949 http fetch GET 200 https://registry.npmjs.org/npm-package-arg/-/npm-package-arg-11.0.3.tgz 1175ms (cache miss)
2950 http fetch GET 200 https://registry.npmjs.org/cjs-module-lexer/-/cjs-module-lexer-1.4.3.tgz 1224ms (cache miss)
2951 http fetch GET 200 https://registry.npmjs.org/@pkgjs/parseargs/-/parseargs-0.11.0.tgz 1225ms (cache miss)
2952 http fetch GET 200 https://registry.npmjs.org/proc-log/-/proc-log-4.2.0.tgz 1200ms (cache miss)
2953 http fetch GET 200 https://registry.npmjs.org/json-parse-even-better-errors/-/json-parse-even-better-errors-3.0.2.tgz 1198ms (cache miss)
2954 http fetch GET 200 https://registry.npmjs.org/json-stringify-nice/-/json-stringify-nice-1.1.4.tgz 1199ms (cache miss)
2955 http fetch GET 200 https://registry.npmjs.org/read-package-json-fast/-/read-package-json-fast-3.0.2.tgz 1211ms (cache miss)
2956 http fetch GET 200 https://registry.npmjs.org/proggy/-/proggy-2.0.0.tgz 1211ms (cache miss)
2957 http fetch GET 200 https://registry.npmjs.org/npm-registry-fetch/-/npm-registry-fetch-17.1.0.tgz 1211ms (cache miss)
2958 http fetch GET 200 https://registry.npmjs.org/npm-install-checks/-/npm-install-checks-6.3.0.tgz 1210ms (cache miss)
2959 http fetch GET 200 https://registry.npmjs.org/nopt/-/nopt-7.2.1.tgz 1209ms (cache miss)
2960 http fetch GET 200 https://registry.npmjs.org/common-ancestor-path/-/common-ancestor-path-1.0.1.tgz 1207ms (cache miss)
2961 http fetch GET 200 https://registry.npmjs.org/@sigstore/protobuf-specs/-/protobuf-specs-0.3.3.tgz 1265ms (cache miss)
2962 http fetch GET 200 https://registry.npmjs.org/npm-pick-manifest/-/npm-pick-manifest-9.1.0.tgz 1222ms (cache miss)
2963 http fetch GET 200 https://registry.npmjs.org/@npmcli/run-script/-/run-script-8.1.0.tgz 1218ms (cache miss)
2964 http fetch GET 200 https://registry.npmjs.org/@npmcli/redact/-/redact-2.0.1.tgz 1218ms (cache miss)
2965 http fetch GET 200 https://registry.npmjs.org/@npmcli/git/-/git-5.0.8.tgz 1236ms (cache miss)
2966 http fetch GET 200 https://registry.npmjs.org/@npmcli/package-json/-/package-json-5.2.1.tgz 1226ms (cache miss)
2967 http fetch GET 200 https://registry.npmjs.org/@npmcli/name-from-folder/-/name-from-folder-2.0.0.tgz 1226ms (cache miss)
2968 http fetch GET 200 https://registry.npmjs.org/@npmcli/query/-/query-3.1.0.tgz 1227ms (cache miss)
2969 http fetch GET 200 https://registry.npmjs.org/@npmcli/node-gyp/-/node-gyp-3.0.0.tgz 1237ms (cache miss)
2970 http fetch GET 200 https://registry.npmjs.org/@npmcli/installed-package-contents/-/installed-package-contents-2.1.0.tgz 1236ms (cache miss)
2971 http fetch GET 200 https://registry.npmjs.org/lodash.camelcase/-/lodash.camelcase-4.3.0.tgz 1245ms (cache miss)
2972 http fetch GET 200 https://registry.npmjs.org/@npmcli/map-workspaces/-/map-workspaces-3.0.6.tgz 1248ms (cache miss)
2973 http fetch GET 200 https://registry.npmjs.org/upath/-/upath-1.2.0.tgz 1244ms (cache miss)
2974 http fetch GET 200 https://registry.npmjs.org/tmp/-/tmp-0.2.5.tgz 1245ms (cache miss)
2975 http fetch GET 200 https://registry.npmjs.org/require-from-string/-/require-from-string-2.0.2.tgz 1244ms (cache miss)
2976 http fetch GET 200 https://registry.npmjs.org/pkg-dir/-/pkg-dir-7.0.0.tgz 1255ms (cache miss)
2977 http fetch GET 200 https://registry.npmjs.org/argparse/-/argparse-1.0.10.tgz 1305ms (cache miss)
2978 http fetch GET 200 https://registry.npmjs.org/@opentelemetry/context-async-hooks/-/context-async-hooks-1.30.1.tgz 1284ms (cache miss)
2979 http fetch GET 200 https://registry.npmjs.org/bin-links/-/bin-links-4.0.4.tgz 1272ms (cache miss)
2980 http fetch GET 200 https://registry.npmjs.org/hosted-git-info/-/hosted-git-info-7.0.2.tgz 1273ms (cache miss)
2981 http fetch GET 200 https://registry.npmjs.org/ini/-/ini-2.0.0.tgz 1264ms (cache miss)
2982 http fetch GET 200 https://registry.npmjs.org/@npmcli/metavuln-calculator/-/metavuln-calculator-7.1.1.tgz 1292ms (cache miss)
2983 http fetch GET 200 https://registry.npmjs.org/@isaacs/string-locale-compare/-/string-locale-compare-1.1.0.tgz 1292ms (cache miss)
2984 http fetch GET 200 https://registry.npmjs.org/normalize-package-data/-/normalize-package-data-6.0.2.tgz 1287ms (cache miss)
2985 http fetch GET 200 https://registry.npmjs.org/@npmcli/fs/-/fs-3.1.1.tgz 1300ms (cache miss)
2986 http fetch GET 200 https://registry.npmjs.org/source-map-support/-/source-map-support-0.5.21.tgz 1296ms (cache miss)
2987 http fetch GET 200 https://registry.npmjs.org/fdir/-/fdir-6.5.0.tgz 1294ms (cache miss)
2988 http fetch GET 200 https://registry.npmjs.org/@types/tmp/-/tmp-0.2.6.tgz 1294ms (cache miss)
2989 http fetch GET 200 https://registry.npmjs.org/@opentelemetry/sdk-trace-node/-/sdk-trace-node-1.30.1.tgz 1293ms (cache miss)
2990 http fetch GET 200 https://registry.npmjs.org/promise-all-reject-late/-/promise-all-reject-late-1.0.1.tgz 1325ms (cache miss)
2991 http fetch GET 200 https://registry.npmjs.org/cacache/-/cacache-18.0.4.tgz 1318ms (cache miss)
2992 http fetch GET 200 https://registry.npmjs.org/picomatch/-/picomatch-3.0.1.tgz 1312ms (cache miss)
2993 http fetch GET 200 https://registry.npmjs.org/execa/-/execa-5.1.1.tgz 1310ms (cache miss)
2994 http fetch GET 200 https://registry.npmjs.org/@types/google-protobuf/-/google-protobuf-3.15.12.tgz 1309ms (cache miss)
2995 http fetch GET 200 https://registry.npmjs.org/semver/-/semver-5.7.2.tgz 1326ms (cache miss)
2996 http fetch GET 200 https://registry.npmjs.org/@sigstore/core/-/core-1.1.0.tgz 1401ms (cache miss)
2997 http fetch GET 200 https://registry.npmjs.org/pacote/-/pacote-18.0.6.tgz 1356ms (cache miss)
2998 http fetch GET 200 https://registry.npmjs.org/@smithy/util-config-provider/-/util-config-provider-4.2.0.tgz 1348ms (cache miss)
2999 http fetch GET 200 https://registry.npmjs.org/@logdna/tail-file/-/tail-file-2.2.0.tgz 1349ms (cache miss)
3000 http fetch GET 200 https://registry.npmjs.org/@aws/lambda-invoke-store/-/lambda-invoke-store-0.0.1.tgz 1348ms (cache miss)
3001 http fetch GET 200 https://registry.npmjs.org/long/-/long-5.3.2.tgz 1372ms (cache miss)
3002 http fetch GET 200 https://registry.npmjs.org/@smithy/credential-provider-imds/-/credential-provider-imds-4.2.2.tgz 1362ms (cache miss)
3003 http fetch GET 200 https://registry.npmjs.org/@aws-sdk/credential-provider-web-identity/-/credential-provider-web-identity-3.908.0.tgz 1364ms (cache miss)
3004 http fetch GET 200 https://registry.npmjs.org/@aws-sdk/credential-provider-http/-/credential-provider-http-3.908.0.tgz 1380ms (cache miss)
3005 http fetch GET 200 https://registry.npmjs.org/@grpc/proto-loader/-/proto-loader-0.8.0.tgz 1410ms (cache miss)
3006 http fetch GET 200 https://registry.npmjs.org/@aws-sdk/credential-provider-sso/-/credential-provider-sso-3.908.0.tgz 1401ms (cache miss)
3007 http fetch GET 200 https://registry.npmjs.org/@aws-sdk/credential-provider-env/-/credential-provider-env-3.908.0.tgz 1401ms (cache miss)
3008 http fetch GET 200 https://registry.npmjs.org/esprima/-/esprima-4.0.1.tgz 1463ms (cache miss)
3009 http fetch GET 200 https://registry.npmjs.org/@aws-sdk/credential-provider-process/-/credential-provider-process-3.908.0.tgz 1427ms (cache miss)
3010 http fetch GET 200 https://registry.npmjs.org/@sigstore/verify/-/verify-1.2.1.tgz 1505ms (cache miss)
3011 http fetch GET 200 https://registry.npmjs.org/foreground-child/-/foreground-child-3.3.1.tgz 1480ms (cache miss)
3012 http fetch GET 200 https://registry.npmjs.org/undici-types/-/undici-types-5.26.5.tgz 1474ms (cache miss)
3013 http fetch GET 200 https://registry.npmjs.org/@aws-sdk/xml-builder/-/xml-builder-3.901.0.tgz 1444ms (cache miss)
3014 http fetch GET 200 https://registry.npmjs.org/@aws-sdk/util-locate-window/-/util-locate-window-3.893.0.tgz 1444ms (cache miss)
3015 http fetch GET 200 https://registry.npmjs.org/@smithy/util-waiter/-/util-waiter-4.2.2.tgz 1443ms (cache miss)
3016 http fetch GET 200 https://registry.npmjs.org/@aws-crypto/supports-web-crypto/-/supports-web-crypto-5.2.0.tgz 1444ms (cache miss)
3017 http fetch GET 200 https://registry.npmjs.org/@smithy/uuid/-/uuid-1.1.0.tgz 1444ms (cache miss)
3018 http fetch GET 200 https://registry.npmjs.org/@smithy/util-middleware/-/util-middleware-4.2.2.tgz 1464ms (cache miss)
3019 http fetch GET 200 https://registry.npmjs.org/@smithy/util-body-length-browser/-/util-body-length-browser-4.2.0.tgz 1557ms (cache miss)
3020 http fetch GET 200 https://registry.npmjs.org/minimist/-/minimist-1.2.8.tgz 1603ms (cache miss)
3021 http fetch GET 200 https://registry.npmjs.org/@smithy/util-base64/-/util-base64-4.3.0.tgz 1594ms (cache miss)
3022 http fetch GET 200 https://registry.npmjs.org/@smithy/util-defaults-mode-node/-/util-defaults-mode-node-4.2.3.tgz 1595ms (cache miss)
3023 http fetch GET 200 https://registry.npmjs.org/@smithy/util-body-length-node/-/util-body-length-node-4.2.1.tgz 1623ms (cache miss)
3024 http fetch GET 200 https://registry.npmjs.org/@smithy/util-defaults-mode-browser/-/util-defaults-mode-browser-4.3.2.tgz 1623ms (cache miss)
3025 http fetch GET 200 https://registry.npmjs.org/@smithy/url-parser/-/url-parser-4.2.2.tgz 1652ms (cache miss)
3026 http fetch GET 200 https://registry.npmjs.org/@smithy/middleware-stack/-/middleware-stack-4.2.2.tgz 1651ms (cache miss)
3027 http fetch GET 200 https://registry.npmjs.org/@smithy/middleware-serde/-/middleware-serde-4.2.2.tgz 1651ms (cache miss)
3028 http fetch GET 200 https://registry.npmjs.org/tslib/-/tslib-2.8.1.tgz 1681ms (cache miss)
3029 http fetch GET 200 https://registry.npmjs.org/@smithy/invalid-dependency/-/invalid-dependency-4.2.2.tgz 1677ms (cache miss)
3030 http fetch GET 200 https://registry.npmjs.org/socks/-/socks-2.8.7.tgz 1771ms (cache miss)
3031 http fetch GET 200 https://registry.npmjs.org/@smithy/middleware-content-length/-/middleware-content-length-4.2.2.tgz 1696ms (cache miss)
3032 http fetch GET 200 https://registry.npmjs.org/@aws-sdk/util-user-agent-node/-/util-user-agent-node-3.908.0.tgz 1704ms (cache miss)
3033 http fetch GET 200 https://registry.npmjs.org/@smithy/fetch-http-handler/-/fetch-http-handler-5.3.3.tgz 1705ms (cache miss)
3034 http fetch GET 200 https://registry.npmjs.org/@aws-sdk/util-user-agent-browser/-/util-user-agent-browser-3.907.0.tgz 1704ms (cache miss)
3035 http fetch GET 200 https://registry.npmjs.org/@smithy/hash-node/-/hash-node-4.2.2.tgz 1722ms (cache miss)
3036 http fetch GET 200 https://registry.npmjs.org/jackspeak/-/jackspeak-3.4.3.tgz 1796ms (cache miss)
3037 http fetch GET 200 https://registry.npmjs.org/@smithy/config-resolver/-/config-resolver-4.3.2.tgz 1750ms (cache miss)
3038 http fetch GET 200 https://registry.npmjs.org/@aws-sdk/region-config-resolver/-/region-config-resolver-3.901.0.tgz 1749ms (cache miss)
3039 http fetch GET 200 https://registry.npmjs.org/@aws-sdk/middleware-logger/-/middleware-logger-3.901.0.tgz 1748ms (cache miss)
3040 http fetch GET 200 https://registry.npmjs.org/@aws-sdk/middleware-user-agent/-/middleware-user-agent-3.908.0.tgz 1750ms (cache miss)
3041 http fetch GET 200 https://registry.npmjs.org/@aws-sdk/middleware-host-header/-/middleware-host-header-3.901.0.tgz 1749ms (cache miss)
3042 http fetch GET 200 https://registry.npmjs.org/@aws-sdk/middleware-recursion-detection/-/middleware-recursion-detection-3.901.0.tgz 1749ms (cache miss)
3043 http fetch GET 200 https://registry.npmjs.org/minipass/-/minipass-7.1.2.tgz 1802ms (cache miss)
3044 http fetch GET 200 https://registry.npmjs.org/bowser/-/bowser-2.12.1.tgz 1769ms (cache miss)
3045 http fetch GET 200 https://registry.npmjs.org/@aws-crypto/sha256-browser/-/sha256-browser-5.2.0.tgz 1756ms (cache miss)
3046 http fetch GET 200 https://registry.npmjs.org/tar/-/tar-6.2.1.tgz 1831ms (cache miss)
3047 http fetch GET 200 https://registry.npmjs.org/acorn/-/acorn-8.15.0.tgz 1849ms (cache miss)
3048 http fetch GET 200 https://registry.npmjs.org/@smithy/util-utf8/-/util-utf8-4.2.0.tgz 1799ms (cache miss)
3049 http fetch GET 200 https://registry.npmjs.org/mime/-/mime-2.6.0.tgz 1790ms (cache miss)
3050 http fetch GET 200 https://registry.npmjs.org/ansi-styles/-/ansi-styles-4.3.0.tgz 1789ms (cache miss)
3051 http fetch GET 200 https://registry.npmjs.org/strip-ansi/-/strip-ansi-6.0.1.tgz 1788ms (cache miss)
3052 http fetch GET 200 https://registry.npmjs.org/strip-ansi/-/strip-ansi-6.0.1.tgz 1787ms (cache miss)
3053 http fetch GET 200 https://registry.npmjs.org/wrap-ansi/-/wrap-ansi-7.0.0.tgz 1796ms (cache miss)
3054 http fetch GET 200 https://registry.npmjs.org/string-width/-/string-width-4.2.3.tgz 1796ms (cache miss)
3055 http fetch GET 200 https://registry.npmjs.org/string-width/-/string-width-4.2.3.tgz 1794ms (cache miss)
3056 http fetch GET 200 https://registry.npmjs.org/minipass/-/minipass-3.3.6.tgz 1800ms (cache miss)
3057 http fetch GET 200 https://registry.npmjs.org/ansi-regex/-/ansi-regex-5.0.1.tgz 1808ms (cache miss)
3058 http fetch GET 200 https://registry.npmjs.org/emoji-regex/-/emoji-regex-8.0.0.tgz 1807ms (cache miss)
3059 http fetch GET 200 https://registry.npmjs.org/ip-address/-/ip-address-10.0.1.tgz 1897ms (cache miss)
3060 http fetch GET 200 https://registry.npmjs.org/@smithy/property-provider/-/property-provider-4.2.2.tgz 1828ms (cache miss)
3061 http fetch GET 200 https://registry.npmjs.org/@aws-sdk/credential-provider-node/-/credential-provider-node-3.908.0.tgz 1819ms (cache miss)
3062 http fetch GET 200 https://registry.npmjs.org/strip-ansi/-/strip-ansi-6.0.1.tgz 1812ms (cache miss)
3063 http fetch GET 200 https://registry.npmjs.org/ansi-styles/-/ansi-styles-4.3.0.tgz 1824ms (cache miss)
3064 http fetch GET 200 https://registry.npmjs.org/mimic-response/-/mimic-response-3.1.0.tgz 1821ms (cache miss)
3065 http fetch GET 200 https://registry.npmjs.org/iconv-lite/-/iconv-lite-0.6.3.tgz 1902ms (cache miss)
3066 http fetch GET 200 https://registry.npmjs.org/exponential-backoff/-/exponential-backoff-3.1.3.tgz 1898ms (cache miss)
3067 http fetch GET 200 https://registry.npmjs.org/minipass/-/minipass-3.3.6.tgz 1831ms (cache miss)
3068 http fetch GET 200 https://registry.npmjs.org/minipass/-/minipass-3.3.6.tgz 1824ms (cache miss)
3069 http fetch GET 200 https://registry.npmjs.org/minipass/-/minipass-3.3.6.tgz 1824ms (cache miss)
3070 http fetch GET 200 https://registry.npmjs.org/minipass/-/minipass-3.3.6.tgz 1824ms (cache miss)
3071 http fetch GET 200 https://registry.npmjs.org/get-stream/-/get-stream-5.2.0.tgz 1826ms (cache miss)
3072 http fetch GET 200 https://registry.npmjs.org/ansi-regex/-/ansi-regex-5.0.1.tgz 1837ms (cache miss)
3073 http fetch GET 200 https://registry.npmjs.org/ansi-regex/-/ansi-regex-5.0.1.tgz 1837ms (cache miss)
3074 http fetch GET 200 https://registry.npmjs.org/ansi-regex/-/ansi-regex-5.0.1.tgz 1837ms (cache miss)
3075 http fetch GET 200 https://registry.npmjs.org/ansi-regex/-/ansi-regex-5.0.1.tgz 1828ms (cache miss)
3076 http fetch GET 200 https://registry.npmjs.org/emoji-regex/-/emoji-regex-8.0.0.tgz 1838ms (cache miss)
3077 http fetch GET 200 https://registry.npmjs.org/emoji-regex/-/emoji-regex-8.0.0.tgz 1836ms (cache miss)
3078 http fetch GET 200 https://registry.npmjs.org/emoji-regex/-/emoji-regex-8.0.0.tgz 1827ms (cache miss)
3079 http fetch GET 200 https://registry.npmjs.org/isexe/-/isexe-2.0.0.tgz 1833ms (cache miss)
3080 http fetch GET 200 https://registry.npmjs.org/which/-/which-2.0.2.tgz 1833ms (cache miss)
3081 http fetch GET 200 https://registry.npmjs.org/signal-exit/-/signal-exit-4.1.0.tgz 1833ms (cache miss)
3082 http fetch GET 200 https://registry.npmjs.org/minipass/-/minipass-5.0.0.tgz 1833ms (cache miss)
3083 http fetch GET 200 https://registry.npmjs.org/@smithy/node-config-provider/-/node-config-provider-4.3.2.tgz 1854ms (cache miss)
3084 http fetch GET 200 https://registry.npmjs.org/ini/-/ini-4.1.3.tgz 1838ms (cache miss)
3085 http fetch GET 200 https://registry.npmjs.org/string-width/-/string-width-4.2.3.tgz 1836ms (cache miss)
3086 http fetch GET 200 https://registry.npmjs.org/signal-exit/-/signal-exit-4.1.0.tgz 1845ms (cache miss)
3087 http fetch GET 200 https://registry.npmjs.org/@types/semver/-/semver-7.7.1.tgz 1879ms (cache miss)
3088 http fetch GET 200 https://registry.npmjs.org/strip-ansi/-/strip-ansi-6.0.1.tgz 1846ms (cache miss)
3089 http fetch GET 200 https://registry.npmjs.org/fs-minipass/-/fs-minipass-2.1.0.tgz 1852ms (cache miss)
3090 http fetch GET 200 https://registry.npmjs.org/@aws-sdk/token-providers/-/token-providers-3.908.0.tgz 1880ms (cache miss)
3091 http fetch GET 200 https://registry.npmjs.org/@aws-sdk/credential-provider-ini/-/credential-provider-ini-3.908.0.tgz 1878ms (cache miss)
3092 http fetch GET 200 https://registry.npmjs.org/@smithy/util-buffer-from/-/util-buffer-from-2.2.0.tgz 1851ms (cache miss)
3093 http fetch GET 200 https://registry.npmjs.org/@smithy/is-array-buffer/-/is-array-buffer-2.2.0.tgz 1851ms (cache miss)
3094 http fetch GET 200 https://registry.npmjs.org/path-scurry/-/path-scurry-1.11.1.tgz 1934ms (cache miss)
3095 http fetch GET 200 https://registry.npmjs.org/@js-sdsl/ordered-map/-/ordered-map-4.4.2.tgz 1903ms (cache miss)
3096 http fetch GET 200 https://registry.npmjs.org/@smithy/util-buffer-from/-/util-buffer-from-2.2.0.tgz 1879ms (cache miss)
3097 http fetch GET 200 https://registry.npmjs.org/@smithy/is-array-buffer/-/is-array-buffer-2.2.0.tgz 1879ms (cache miss)
3098 http fetch GET 200 https://registry.npmjs.org/@opentelemetry/instrumentation-grpc/-/instrumentation-grpc-0.55.0.tgz 1916ms (cache miss)
3099 http fetch GET 200 https://registry.npmjs.org/@sigstore/sign/-/sign-2.3.2.tgz 1988ms (cache miss)
3100 http fetch GET 200 https://registry.npmjs.org/@smithy/util-retry/-/util-retry-4.2.2.tgz 1921ms (cache miss)
3101 http fetch GET 200 https://registry.npmjs.org/postcss-selector-parser/-/postcss-selector-parser-6.1.2.tgz 1957ms (cache miss)
3102 http fetch GET 200 https://registry.npmjs.org/@aws-crypto/util/-/util-5.2.0.tgz 1931ms (cache miss)
3103 http fetch GET 200 https://registry.npmjs.org/@smithy/protocol-http/-/protocol-http-5.3.2.tgz 1927ms (cache miss)
3104 http fetch GET 200 https://registry.npmjs.org/@smithy/util-utf8/-/util-utf8-2.3.0.tgz 1937ms (cache miss)
3105 http fetch GET 200 https://registry.npmjs.org/@smithy/util-utf8/-/util-utf8-2.3.0.tgz 1938ms (cache miss)
3106 http fetch GET 200 https://registry.npmjs.org/source-map/-/source-map-0.6.1.tgz 2044ms (cache miss)
3107 http fetch GET 200 https://registry.npmjs.org/@smithy/signature-v4/-/signature-v4-5.3.2.tgz 1976ms (cache miss)
3108 http fetch GET 200 https://registry.npmjs.org/@smithy/shared-ini-file-loader/-/shared-ini-file-loader-4.3.2.tgz 1978ms (cache miss)
3109 http fetch GET 200 https://registry.npmjs.org/google-protobuf/-/google-protobuf-3.21.4.tgz 1991ms (cache miss)
3110 http fetch GET 200 https://registry.npmjs.org/@smithy/middleware-retry/-/middleware-retry-4.4.3.tgz 1986ms (cache miss)
3111 http fetch GET 200 https://registry.npmjs.org/@opentelemetry/propagator-b3/-/propagator-b3-1.30.1.tgz 2032ms (cache miss)
3112 http fetch GET 200 https://registry.npmjs.org/js-yaml/-/js-yaml-3.14.1.tgz 2016ms (cache miss)
3113 http fetch GET 200 https://registry.npmjs.org/@pulumi/docker-build/-/docker-build-0.0.8.tgz 2001ms (cache miss)
3114 http fetch GET 200 https://registry.npmjs.org/@aws-crypto/sha256-js/-/sha256-js-5.2.0.tgz 2022ms (cache miss)
3115 http fetch GET 200 https://registry.npmjs.org/lru-cache/-/lru-cache-10.4.3.tgz 2066ms (cache miss)
3116 http fetch GET 200 https://registry.npmjs.org/minimatch/-/minimatch-9.0.5.tgz 2069ms (cache miss)
3117 http fetch GET 200 https://registry.npmjs.org/yargs/-/yargs-17.7.2.tgz 2061ms (cache miss)
3118 http fetch GET 200 https://registry.npmjs.org/semver/-/semver-7.7.3.tgz 2053ms (cache miss)
3119 http fetch GET 200 https://registry.npmjs.org/got/-/got-11.8.6.tgz 2088ms (cache miss)
3120 http fetch GET 200 https://registry.npmjs.org/@smithy/middleware-endpoint/-/middleware-endpoint-4.3.3.tgz 2075ms (cache miss)
3121 http fetch GET 200 https://registry.npmjs.org/@smithy/node-http-handler/-/node-http-handler-4.4.1.tgz 2079ms (cache miss)
3122 http fetch GET 200 https://registry.npmjs.org/semver/-/semver-7.7.3.tgz 2058ms (cache miss)
3123 http fetch GET 200 https://registry.npmjs.org/semver/-/semver-7.7.3.tgz 2058ms (cache miss)
3124 http fetch GET 200 https://registry.npmjs.org/semver/-/semver-7.7.3.tgz 2062ms (cache miss)
3125 http fetch GET 200 https://registry.npmjs.org/semver/-/semver-7.7.3.tgz 2061ms (cache miss)
3126 http fetch GET 200 https://registry.npmjs.org/semver/-/semver-7.7.3.tgz 2062ms (cache miss)
3127 http fetch GET 200 https://registry.npmjs.org/semver/-/semver-7.7.3.tgz 2061ms (cache miss)
3128 http fetch GET 200 https://registry.npmjs.org/semver/-/semver-7.7.3.tgz 2062ms (cache miss)
3129 http fetch GET 200 https://registry.npmjs.org/@smithy/util-stream/-/util-stream-4.5.2.tgz 2094ms (cache miss)
3130 http fetch GET 200 https://registry.npmjs.org/semver/-/semver-7.7.3.tgz 2070ms (cache miss)
3131 http fetch GET 200 https://registry.npmjs.org/semver/-/semver-7.7.3.tgz 2066ms (cache miss)
3132 http fetch GET 200 https://registry.npmjs.org/semver/-/semver-7.7.3.tgz 2072ms (cache miss)
3133 http fetch GET 200 https://registry.npmjs.org/semver/-/semver-7.7.3.tgz 2067ms (cache miss)
3134 http fetch GET 200 https://registry.npmjs.org/@aws-sdk/util-endpoints/-/util-endpoints-3.901.0.tgz 2091ms (cache miss)
3135 http fetch GET 200 https://registry.npmjs.org/semver/-/semver-7.7.3.tgz 2076ms (cache miss)
3136 http fetch GET 200 https://registry.npmjs.org/@types/aws-lambda/-/aws-lambda-8.10.155.tgz 2103ms (cache miss)
3137 http fetch GET 200 https://registry.npmjs.org/glob/-/glob-10.4.5.tgz 2143ms (cache miss)
3138 http fetch GET 200 https://registry.npmjs.org/@npmcli/arborist/-/arborist-7.5.4.tgz 2130ms (cache miss)
3139 http fetch GET 200 https://registry.npmjs.org/@smithy/smithy-client/-/smithy-client-4.8.1.tgz 2127ms (cache miss)
3140 http fetch GET 200 https://registry.npmjs.org/fast-xml-parser/-/fast-xml-parser-5.2.5.tgz 2158ms (cache miss)
3141 http fetch GET 200 https://registry.npmjs.org/@pulumi/docker/-/docker-4.9.0.tgz 2178ms (cache miss)
3142 http fetch GET 200 https://registry.npmjs.org/@pulumi/docker/-/docker-3.6.1.tgz 2182ms (cache miss)
3143 http fetch GET 200 https://registry.npmjs.org/resolve/-/resolve-1.22.10.tgz 2276ms (cache miss)
3144 http fetch GET 200 https://registry.npmjs.org/@aws-sdk/types/-/types-3.901.0.tgz 2200ms (cache miss)
3145 http fetch GET 200 https://registry.npmjs.org/@aws-sdk/client-sso/-/client-sso-3.908.0.tgz 2217ms (cache miss)
3146 http fetch GET 200 https://registry.npmjs.org/@opentelemetry/exporter-zipkin/-/exporter-zipkin-1.30.1.tgz 2229ms (cache miss)
3147 http fetch GET 200 https://registry.npmjs.org/import-in-the-middle/-/import-in-the-middle-1.15.0.tgz 2270ms (cache miss)
3148 http fetch GET 200 https://registry.npmjs.org/@smithy/util-endpoints/-/util-endpoints-3.2.2.tgz 2281ms (cache miss)
3149 http fetch GET 200 https://registry.npmjs.org/@opentelemetry/instrumentation/-/instrumentation-0.55.0.tgz 2362ms (cache miss)
3150 http fetch GET 200 https://registry.npmjs.org/@types/node/-/node-18.19.130.tgz 2343ms (cache miss)
3151 http fetch GET 200 https://registry.npmjs.org/@opentelemetry/api-logs/-/api-logs-0.55.0.tgz 2386ms (cache miss)
3152 http fetch GET 200 https://registry.npmjs.org/node-gyp/-/node-gyp-10.3.1.tgz 2389ms (cache miss)
3153 http fetch GET 200 https://registry.npmjs.org/@smithy/types/-/types-4.7.1.tgz 2392ms (cache miss)
3154 http fetch GET 200 https://registry.npmjs.org/protobufjs/-/protobufjs-7.5.4.tgz 2433ms (cache miss)
3155 http fetch GET 200 https://registry.npmjs.org/@aws-sdk/core/-/core-3.908.0.tgz 2473ms (cache miss)
3156 http fetch GET 200 https://registry.npmjs.org/@aws-sdk/nested-clients/-/nested-clients-3.908.0.tgz 2559ms (cache miss)
3157 http fetch GET 200 https://registry.npmjs.org/@opentelemetry/sdk-trace-base/-/sdk-trace-base-1.30.1.tgz 2571ms (cache miss)
3158 http fetch GET 200 https://registry.npmjs.org/@smithy/core/-/core-3.16.1.tgz 2589ms (cache miss)
3159 http fetch GET 200 https://registry.npmjs.org/@aws-sdk/client-ecs/-/client-ecs-3.908.0.tgz 2618ms (cache miss)
3160 http fetch GET 200 https://registry.npmjs.org/@opentelemetry/semantic-conventions/-/semantic-conventions-1.27.0.tgz 2608ms (cache miss)
3161 http fetch GET 200 https://registry.npmjs.org/@opentelemetry/semantic-conventions/-/semantic-conventions-1.28.0.tgz 2670ms (cache miss)
3162 http fetch GET 200 https://registry.npmjs.org/@opentelemetry/resources/-/resources-1.30.1.tgz 2652ms (cache miss)
3163 http fetch GET 200 https://registry.npmjs.org/@pulumi/awsx/-/awsx-3.0.0.tgz 2645ms (cache miss)
3164 http fetch GET 200 https://registry.npmjs.org/@opentelemetry/core/-/core-1.30.1.tgz 2728ms (cache miss)
3165 http fetch GET 200 https://registry.npmjs.org/@opentelemetry/api/-/api-1.9.0.tgz 2788ms (cache miss)
3166 http fetch GET 200 https://registry.npmjs.org/@grpc/grpc-js/-/grpc-js-1.14.0.tgz 2802ms (cache miss)
3167 http fetch GET 200 https://registry.npmjs.org/@pulumi/pulumi/-/pulumi-3.202.0.tgz 2874ms (cache miss)
3168 http fetch GET 200 https://registry.npmjs.org/typescript/-/typescript-5.9.3.tgz 2918ms (cache miss)
3169 http fetch GET 200 https://registry.npmjs.org/@pulumi/aws/-/aws-7.8.0.tgz 3819ms (cache miss)
3170 info run @pulumi/docker-build@0.0.8 install node_modules/@pulumi/docker-build node scripts/install-pulumi-plugin.js resource docker-build 0.0.8
3171 info run @pulumi/docker-build@0.0.8 install { code: 0, signal: null }
3172 info run @pulumi/docker@3.6.1 install node_modules/docker-classic node scripts/install-pulumi-plugin.js resource docker v3.6.1
3173 info run @pulumi/docker@3.6.1 install { code: 0, signal: null }
3174 info run protobufjs@7.5.4 postinstall node_modules/protobufjs node scripts/postinstall
3175 info run protobufjs@7.5.4 postinstall { code: 0, signal: null }
3176 silly ADD node_modules/color-name
3177 silly ADD node_modules/color-convert
3178 silly ADD node_modules/wrappy
3179 silly ADD node_modules/once
3180 silly ADD node_modules/end-of-stream
3181 silly ADD node_modules/pump
3182 silly ADD node_modules/yargs-parser
3183 silly ADD node_modules/y18n
3184 silly ADD node_modules/require-directory
3185 silly ADD node_modules/get-caller-file
3186 silly ADD node_modules/escalade
3187 silly ADD node_modules/cliui
3188 silly ADD node_modules/cliui/node_modules/ansi-styles
3189 silly ADD node_modules/cliui/node_modules/ansi-regex
3190 silly ADD node_modules/cliui/node_modules/emoji-regex
3191 silly ADD node_modules/cliui/node_modules/wrap-ansi
3192 silly ADD node_modules/cliui/node_modules/strip-ansi
3193 silly ADD node_modules/cliui/node_modules/string-width
3194 silly ADD node_modules/ansi-styles
3195 silly ADD node_modules/isexe
3196 silly ADD node_modules/spdx-exceptions
3197 silly ADD node_modules/spdx-license-ids
3198 silly ADD node_modules/spdx-expression-parse
3199 silly ADD node_modules/spdx-correct
3200 silly ADD node_modules/imurmurhash
3201 silly ADD node_modules/unique-slug
3202 silly ADD node_modules/@tufjs/canonical-json
3203 silly ADD node_modules/@tufjs/models
3204 silly ADD node_modules/mkdirp
3205 silly ADD node_modules/chownr
3206 silly ADD node_modules/ansi-regex
3207 silly ADD node_modules/is-fullwidth-code-point
3208 silly ADD node_modules/emoji-regex
3209 silly ADD node_modules/eastasianwidth
3210 silly ADD node_modules/source-map
3211 silly ADD node_modules/buffer-from
3212 silly ADD node_modules/smart-buffer
3213 silly ADD node_modules/ip-address
3214 silly ADD node_modules/socks
3215 silly ADD node_modules/tuf-js
3216 silly ADD node_modules/@sigstore/verify
3217 silly ADD node_modules/@sigstore/tuf
3218 silly ADD node_modules/@sigstore/sign
3219 silly ADD node_modules/@sigstore/protobuf-specs
3220 silly ADD node_modules/@sigstore/core
3221 silly ADD node_modules/@sigstore/bundle
3222 silly ADD node_modules/shebang-regex
3223 silly ADD node_modules/function-bind
3224 silly ADD node_modules/hasown
3225 silly ADD node_modules/supports-preserve-symlinks-flag
3226 silly ADD node_modules/path-parse
3227 silly ADD node_modules/is-core-module
3228 silly ADD node_modules/resolve
3229 silly ADD node_modules/@protobufjs/utf8
3230 silly ADD node_modules/@protobufjs/pool
3231 silly ADD node_modules/@protobufjs/path
3232 silly ADD node_modules/@protobufjs/inquire
3233 silly ADD node_modules/@protobufjs/float
3234 silly ADD node_modules/@protobufjs/fetch
3235 silly ADD node_modules/@protobufjs/eventemitter
3236 silly ADD node_modules/@protobufjs/codegen
3237 silly ADD node_modules/@protobufjs/base64
3238 silly ADD node_modules/@protobufjs/aspromise
3239 silly ADD node_modules/retry
3240 silly ADD node_modules/err-code
3241 silly ADD node_modules/util-deprecate
3242 silly ADD node_modules/cssesc
3243 silly ADD node_modules/yocto-queue
3244 silly ADD node_modules/p-limit
3245 silly ADD node_modules/p-locate
3246 silly ADD node_modules/path-exists
3247 silly ADD node_modules/locate-path
3248 silly ADD node_modules/find-up
3249 silly ADD node_modules/just-diff-apply
3250 silly ADD node_modules/just-diff
3251 silly ADD node_modules/ignore-walk
3252 silly ADD node_modules/sigstore
3253 silly ADD node_modules/npm-packlist
3254 silly ADD node_modules/indent-string
3255 silly ADD node_modules/clean-stack
3256 silly ADD node_modules/aggregate-error
3257 silly ADD node_modules/mimic-fn
3258 silly ADD node_modules/jsonparse
3259 silly ADD node_modules/validate-npm-package-name
3260 silly ADD node_modules/validate-npm-package-license
3261 silly ADD node_modules/abbrev
3262 silly ADD node_modules/yallist
3263 silly ADD node_modules/safer-buffer
3264 silly ADD node_modules/iconv-lite
3265 silly ADD node_modules/minizlib
3266 silly ADD node_modules/minizlib/node_modules/minipass
3267 silly ADD node_modules/minipass-sized
3268 silly ADD node_modules/minipass-sized/node_modules/minipass
3269 silly ADD node_modules/encoding
3270 silly ADD node_modules/ms
3271 silly ADD node_modules/debug
3272 silly ADD node_modules/socks-proxy-agent
3273 silly ADD node_modules/https-proxy-agent
3274 silly ADD node_modules/http-proxy-agent
3275 silly ADD node_modules/agent-base
3276 silly ADD node_modules/negotiator
3277 silly ADD node_modules/minipass-fetch
3278 silly ADD node_modules/is-lambda
3279 silly ADD node_modules/@npmcli/agent
3280 silly ADD node_modules/make-fetch-happen
3281 silly ADD node_modules/graceful-fs
3282 silly ADD node_modules/exponential-backoff
3283 silly ADD node_modules/env-paths
3284 silly ADD node_modules/balanced-match
3285 silly ADD node_modules/brace-expansion
3286 silly ADD node_modules/json-buffer
3287 silly ADD node_modules/sprintf-js
3288 silly ADD node_modules/esprima
3289 silly ADD node_modules/argparse
3290 silly ADD node_modules/wrap-ansi-cjs
3291 silly ADD node_modules/wrap-ansi-cjs/node_modules/ansi-regex
3292 silly ADD node_modules/wrap-ansi-cjs/node_modules/emoji-regex
3293 silly ADD node_modules/wrap-ansi-cjs/node_modules/strip-ansi
3294 silly ADD node_modules/wrap-ansi-cjs/node_modules/string-width
3295 silly ADD node_modules/wrap-ansi-cjs/node_modules/ansi-styles
3296 silly ADD node_modules/wrap-ansi
3297 silly ADD node_modules/strip-ansi-cjs
3298 silly ADD node_modules/strip-ansi-cjs/node_modules/ansi-regex
3299 silly ADD node_modules/strip-ansi
3300 silly ADD node_modules/string-width-cjs
3301 silly ADD node_modules/string-width-cjs/node_modules/ansi-regex
3302 silly ADD node_modules/string-width-cjs/node_modules/strip-ansi
3303 silly ADD node_modules/string-width-cjs/node_modules/emoji-regex
3304 silly ADD node_modules/string-width
3305 silly ADD node_modules/@pkgjs/parseargs
3306 silly ADD node_modules/@isaacs/cliui
3307 silly ADD node_modules/module-details-from-path
3308 silly ADD node_modules/cjs-module-lexer
3309 silly ADD node_modules/acorn-import-attributes
3310 silly ADD node_modules/acorn
3311 silly ADD node_modules/resolve-alpn
3312 silly ADD node_modules/quick-lru
3313 silly ADD node_modules/mimic-response
3314 silly ADD node_modules/normalize-url
3315 silly ADD node_modules/keyv
3316 silly ADD node_modules/http-cache-semantics
3317 silly ADD node_modules/clone-response
3318 silly ADD node_modules/@types/keyv
3319 silly ADD node_modules/@types/http-cache-semantics
3320 silly ADD node_modules/defer-to-connect
3321 silly ADD node_modules/responselike
3322 silly ADD node_modules/p-cancelable
3323 silly ADD node_modules/lowercase-keys
3324 silly ADD node_modules/http2-wrapper
3325 silly ADD node_modules/decompress-response
3326 silly ADD node_modules/decompress-response/node_modules/mimic-response
3327 silly ADD node_modules/cacheable-request
3328 silly ADD node_modules/cacheable-request/node_modules/get-stream
3329 silly ADD node_modules/cacheable-lookup
3330 silly ADD node_modules/@types/responselike
3331 silly ADD node_modules/@types/cacheable-request
3332 silly ADD node_modules/@szmarczak/http-timer
3333 silly ADD node_modules/@sindresorhus/is
3334 silly ADD node_modules/path-scurry
3335 silly ADD node_modules/package-json-from-dist
3336 silly ADD node_modules/jackspeak
3337 silly ADD node_modules/foreground-child
3338 silly ADD node_modules/foreground-child/node_modules/signal-exit
3339 silly ADD node_modules/strnum
3340 silly ADD node_modules/shebang-command
3341 silly ADD node_modules/path-key
3342 silly ADD node_modules/strip-final-newline
3343 silly ADD node_modules/signal-exit
3344 silly ADD node_modules/onetime
3345 silly ADD node_modules/npm-run-path
3346 silly ADD node_modules/merge-stream
3347 silly ADD node_modules/is-stream
3348 silly ADD node_modules/human-signals
3349 silly ADD node_modules/get-stream
3350 silly ADD node_modules/cross-spawn
3351 silly ADD node_modules/cross-spawn/node_modules/isexe
3352 silly ADD node_modules/cross-spawn/node_modules/which
3353 silly ADD node_modules/unique-filename
3354 silly ADD node_modules/tar
3355 silly ADD node_modules/tar/node_modules/minipass
3356 silly ADD node_modules/tar/node_modules/fs-minipass
3357 silly ADD node_modules/tar/node_modules/fs-minipass/node_modules/minipass
3358 silly ADD node_modules/p-map
3359 silly ADD node_modules/minipass-pipeline
3360 silly ADD node_modules/minipass-pipeline/node_modules/minipass
3361 silly ADD node_modules/minipass-flush
3362 silly ADD node_modules/minipass-flush/node_modules/minipass
3363 silly ADD node_modules/minipass-collect
3364 silly ADD node_modules/minipass
3365 silly ADD node_modules/fs-minipass
3366 silly ADD node_modules/write-file-atomic
3367 silly ADD node_modules/write-file-atomic/node_modules/signal-exit
3368 silly ADD node_modules/read-cmd-shim
3369 silly ADD node_modules/cmd-shim
3370 silly ADD node_modules/undici-types
3371 silly ADD node_modules/@smithy/querystring-parser
3372 silly ADD node_modules/@smithy/util-hex-encoding
3373 silly ADD node_modules/@smithy/is-array-buffer
3374 silly ADD node_modules/@smithy/util-uri-escape
3375 silly ADD node_modules/@smithy/abort-controller
3376 silly ADD node_modules/@smithy/service-error-classification
3377 silly ADD node_modules/@smithy/util-buffer-from
3378 silly ADD node_modules/@smithy/querystring-builder
3379 silly ADD node_modules/@opentelemetry/propagator-jaeger
3380 silly ADD node_modules/@opentelemetry/propagator-b3
3381 silly ADD node_modules/@opentelemetry/context-async-hooks
3382 silly ADD node_modules/shimmer
3383 silly ADD node_modules/require-in-the-middle
3384 silly ADD node_modules/import-in-the-middle
3385 silly ADD node_modules/@types/shimmer
3386 silly ADD node_modules/@opentelemetry/api-logs
3387 silly ADD node_modules/@opentelemetry/semantic-conventions
3388 silly ADD node_modules/@opentelemetry/core
3389 silly ADD node_modules/node-gyp
3390 silly ADD node_modules/node-gyp/node_modules/semver
3391 silly ADD node_modules/postcss-selector-parser
3392 silly ADD node_modules/which
3393 silly ADD node_modules/promise-retry
3394 silly ADD node_modules/promise-inflight
3395 silly ADD node_modules/@npmcli/promise-spawn
3396 silly ADD node_modules/@npmcli/git
3397 silly ADD node_modules/@npmcli/git/node_modules/semver
3398 silly ADD node_modules/@npmcli/git/node_modules/ini
3399 silly ADD node_modules/glob
3400 silly ADD node_modules/npm-normalize-package-bin
3401 silly ADD node_modules/npm-bundled
3402 silly ADD node_modules/walk-up-path
3403 silly ADD node_modules/treeverse
3404 silly ADD node_modules/ssri
3405 silly ADD node_modules/read-package-json-fast
3406 silly ADD node_modules/promise-call-limit
3407 silly ADD node_modules/promise-all-reject-late
3408 silly ADD node_modules/proggy
3409 silly ADD node_modules/proc-log
3410 silly ADD node_modules/parse-conflict-json
3411 silly ADD node_modules/pacote
3412 silly ADD node_modules/npm-registry-fetch
3413 silly ADD node_modules/npm-pick-manifest
3414 silly ADD node_modules/npm-pick-manifest/node_modules/semver
3415 silly ADD node_modules/npm-package-arg
3416 silly ADD node_modules/npm-package-arg/node_modules/semver
3417 silly ADD node_modules/npm-install-checks
3418 silly ADD node_modules/npm-install-checks/node_modules/semver
3419 silly ADD node_modules/nopt
3420 silly ADD node_modules/minimatch
3421 silly ADD node_modules/lru-cache
3422 silly ADD node_modules/json-stringify-nice
3423 silly ADD node_modules/json-parse-even-better-errors
3424 silly ADD node_modules/hosted-git-info
3425 silly ADD node_modules/common-ancestor-path
3426 silly ADD node_modules/cacache
3427 silly ADD node_modules/bin-links
3428 silly ADD node_modules/@npmcli/run-script
3429 silly ADD node_modules/@npmcli/redact
3430 silly ADD node_modules/@npmcli/query
3431 silly ADD node_modules/@npmcli/package-json
3432 silly ADD node_modules/@npmcli/package-json/node_modules/semver
3433 silly ADD node_modules/@npmcli/node-gyp
3434 silly ADD node_modules/@npmcli/name-from-folder
3435 silly ADD node_modules/@npmcli/metavuln-calculator
3436 silly ADD node_modules/@npmcli/metavuln-calculator/node_modules/semver
3437 silly ADD node_modules/@npmcli/map-workspaces
3438 silly ADD node_modules/@npmcli/installed-package-contents
3439 silly ADD node_modules/@npmcli/fs
3440 silly ADD node_modules/@npmcli/fs/node_modules/semver
3441 silly ADD node_modules/@isaacs/string-locale-compare
3442 silly ADD node_modules/yargs
3443 silly ADD node_modules/yargs/node_modules/ansi-regex
3444 silly ADD node_modules/yargs/node_modules/strip-ansi
3445 silly ADD node_modules/yargs/node_modules/emoji-regex
3446 silly ADD node_modules/yargs/node_modules/string-width
3447 silly ADD node_modules/protobufjs
3448 silly ADD node_modules/long
3449 silly ADD node_modules/lodash.camelcase
3450 silly ADD node_modules/@js-sdsl/ordered-map
3451 silly ADD node_modules/@grpc/proto-loader
3452 silly ADD node_modules/upath
3453 silly ADD node_modules/tmp
3454 silly ADD node_modules/source-map-support
3455 silly ADD node_modules/require-from-string
3456 silly ADD node_modules/pkg-dir
3457 silly ADD node_modules/picomatch
3458 silly ADD node_modules/normalize-package-data
3459 silly ADD node_modules/normalize-package-data/node_modules/semver
3460 silly ADD node_modules/minimist
3461 silly ADD node_modules/js-yaml
3462 silly ADD node_modules/ini
3463 silly ADD node_modules/got
3464 silly ADD node_modules/google-protobuf
3465 silly ADD node_modules/fdir
3466 silly ADD node_modules/execa
3467 silly ADD node_modules/@types/tmp
3468 silly ADD node_modules/@types/semver
3469 silly ADD node_modules/@types/google-protobuf
3470 silly ADD node_modules/@opentelemetry/sdk-trace-node
3471 silly ADD node_modules/@opentelemetry/sdk-trace-node/node_modules/semver
3472 silly ADD node_modules/@opentelemetry/sdk-trace-base
3473 silly ADD node_modules/@opentelemetry/resources
3474 silly ADD node_modules/@opentelemetry/instrumentation-grpc
3475 silly ADD node_modules/@opentelemetry/instrumentation-grpc/node_modules/@opentelemetry/semantic-conventions
3476 silly ADD node_modules/@opentelemetry/instrumentation
3477 silly ADD node_modules/@opentelemetry/instrumentation/node_modules/semver
3478 silly ADD node_modules/@opentelemetry/exporter-zipkin
3479 silly ADD node_modules/@opentelemetry/api
3480 silly ADD node_modules/@npmcli/arborist
3481 silly ADD node_modules/@npmcli/arborist/node_modules/semver
3482 silly ADD node_modules/@logdna/tail-file
3483 silly ADD node_modules/@grpc/grpc-js
3484 silly ADD node_modules/semver
3485 silly ADD node_modules/fast-xml-parser
3486 silly ADD node_modules/bowser
3487 silly ADD node_modules/@smithy/util-config-provider
3488 silly ADD node_modules/@aws/lambda-invoke-store
3489 silly ADD node_modules/@aws-sdk/token-providers
3490 silly ADD node_modules/@aws-sdk/client-sso
3491 silly ADD node_modules/@aws-sdk/nested-clients
3492 silly ADD node_modules/@smithy/util-stream
3493 silly ADD node_modules/@smithy/shared-ini-file-loader
3494 silly ADD node_modules/@smithy/credential-provider-imds
3495 silly ADD node_modules/@aws-sdk/credential-provider-web-identity
3496 silly ADD node_modules/@aws-sdk/credential-provider-sso
3497 silly ADD node_modules/@aws-sdk/credential-provider-process
3498 silly ADD node_modules/@aws-sdk/credential-provider-ini
3499 silly ADD node_modules/@aws-sdk/credential-provider-http
3500 silly ADD node_modules/@aws-sdk/credential-provider-env
3501 silly ADD node_modules/@smithy/signature-v4
3502 silly ADD node_modules/@smithy/property-provider
3503 silly ADD node_modules/@aws-sdk/xml-builder
3504 silly ADD node_modules/@aws-sdk/util-locate-window
3505 silly ADD node_modules/@aws-crypto/util
3506 silly ADD node_modules/@aws-crypto/util/node_modules/@smithy/is-array-buffer
3507 silly ADD node_modules/@aws-crypto/util/node_modules/@smithy/util-buffer-from
3508 silly ADD node_modules/@aws-crypto/util/node_modules/@smithy/util-utf8
3509 silly ADD node_modules/@aws-crypto/supports-web-crypto
3510 silly ADD node_modules/tslib
3511 silly ADD node_modules/@smithy/uuid
3512 silly ADD node_modules/@smithy/util-waiter
3513 silly ADD node_modules/@smithy/util-utf8
3514 silly ADD node_modules/@smithy/util-retry
3515 silly ADD node_modules/@smithy/util-middleware
3516 silly ADD node_modules/@smithy/util-endpoints
3517 silly ADD node_modules/@smithy/util-defaults-mode-node
3518 silly ADD node_modules/@smithy/util-defaults-mode-browser
3519 silly ADD node_modules/@smithy/util-body-length-node
3520 silly ADD node_modules/@smithy/util-body-length-browser
3521 silly ADD node_modules/@smithy/util-base64
3522 silly ADD node_modules/@smithy/url-parser
3523 silly ADD node_modules/@smithy/types
3524 silly ADD node_modules/@smithy/smithy-client
3525 silly ADD node_modules/@smithy/protocol-http
3526 silly ADD node_modules/@smithy/node-http-handler
3527 silly ADD node_modules/@smithy/node-config-provider
3528 silly ADD node_modules/@smithy/middleware-stack
3529 silly ADD node_modules/@smithy/middleware-serde
3530 silly ADD node_modules/@smithy/middleware-retry
3531 silly ADD node_modules/@smithy/middleware-endpoint
3532 silly ADD node_modules/@smithy/middleware-content-length
3533 silly ADD node_modules/@smithy/invalid-dependency
3534 silly ADD node_modules/@smithy/hash-node
3535 silly ADD node_modules/@smithy/fetch-http-handler
3536 silly ADD node_modules/@smithy/core
3537 silly ADD node_modules/@smithy/config-resolver
3538 silly ADD node_modules/@aws-sdk/util-user-agent-node
3539 silly ADD node_modules/@aws-sdk/util-user-agent-browser
3540 silly ADD node_modules/@aws-sdk/util-endpoints
3541 silly ADD node_modules/@aws-sdk/types
3542 silly ADD node_modules/@aws-sdk/region-config-resolver
3543 silly ADD node_modules/@aws-sdk/middleware-user-agent
3544 silly ADD node_modules/@aws-sdk/middleware-recursion-detection
3545 silly ADD node_modules/@aws-sdk/middleware-logger
3546 silly ADD node_modules/@aws-sdk/middleware-host-header
3547 silly ADD node_modules/@aws-sdk/credential-provider-node
3548 silly ADD node_modules/@aws-sdk/core
3549 silly ADD node_modules/@aws-crypto/sha256-js
3550 silly ADD node_modules/@aws-crypto/sha256-browser
3551 silly ADD node_modules/@aws-crypto/sha256-browser/node_modules/@smithy/is-array-buffer
3552 silly ADD node_modules/@aws-crypto/sha256-browser/node_modules/@smithy/util-buffer-from
3553 silly ADD node_modules/@aws-crypto/sha256-browser/node_modules/@smithy/util-utf8
3554 silly ADD node_modules/docker-classic
3555 silly ADD node_modules/@types/aws-lambda
3556 silly ADD node_modules/@pulumi/docker-build
3557 silly ADD node_modules/@pulumi/docker
3558 silly ADD node_modules/@aws-sdk/client-ecs
3559 silly ADD node_modules/mime
3560 silly ADD node_modules/typescript
3561 silly ADD node_modules/@types/node
3562 silly ADD node_modules/@pulumi/pulumi
3563 silly ADD node_modules/@pulumi/pulumi/node_modules/semver
3564 silly ADD node_modules/@pulumi/awsx
3565 silly ADD node_modules/@pulumi/aws
3566 verbose cwd /workspace
3567 verbose os Linux 6.1.134-6.224.amzn2023.aarch64
3568 verbose node v22.20.0
3569 verbose npm  v10.9.3
3570 notice
3570 notice New major version of npm available! 10.9.3 -> 11.6.2
3570 notice Changelog: https://github.com/npm/cli/releases/tag/v11.6.2
3570 notice To update run: npm install -g npm@11.6.2
3570 notice  { force: true, [Symbol(proc-log.meta)]: true }
3571 verbose exit 0
3572 info ok
